[
{
  "model": "programmes.candidate",
  "pk": 1,
  "fields": {
    "first_name": "Jean-Luc",
    "last_name": "Mélenchon",
    "party": 1,
    "profession": "Professeur, Journaliste",
    "website": "https://melenchon2022.fr/",
    "photo": "static/melenchon.jpg",
    "biography": "Jean-Luc Mélenchon"
  }
},
{
  "model": "programmes.candidate",
  "pk": 2,
  "fields": {
    "first_name": "Anne",
    "last_name": "Hidalgo",
    "party": 2,
    "profession": "Inspectrice du travail",
    "website": "https://www.2022avechidalgo.fr",
    "photo": "static/hidalgo.jpg",
    "biography": "Anne Hidalgo"
  }
},
{
  "model": "programmes.candidate",
  "pk": 3,
  "fields": {
    "first_name": "Nathalie",
    "last_name": "Arthaud",
    "party": 3,
    "profession": "Enseignante",
    "website": "https://www.nathalie-arthaud.info/",
    "photo": "static/arthaud.jpg",
    "biography": "Nathalie Arthaud"
  }
},
{
  "model": "programmes.candidate",
  "pk": 4,
  "fields": {
    "first_name": "François",
    "last_name": "Asselineau",
    "party": 4,
    "profession": "Inspecteur général des finances",
    "website": "https://asselineau2022.fr",
    "photo": "static/asselineau.jpg",
    "biography": "François Asselineau"
  }
},
{
  "model": "programmes.candidate",
  "pk": 6,
  "fields": {
    "first_name": "Nicolas",
    "last_name": "Dupont-Aignan",
    "party": 6,
    "profession": "Administrateur civil",
    "website": "https://debout-la-france.fr/",
    "photo": "static/dupont-aignan.jpg",
    "biography": "Nicolas Dupont-Aignan"
  }
},
{
  "model": "programmes.candidate",
  "pk": 7,
  "fields": {
    "first_name": "Jean",
    "last_name": "Lassalle",
    "party": 7,
    "profession": "Technicien agricole",
    "website": "https://resistons-france.fr/",
    "photo": "static/lassalle.jpg",
    "biography": "Jean Lassalle"
  }
},
{
  "model": "programmes.candidate",
  "pk": 8,
  "fields": {
    "first_name": "Marine",
    "last_name": "Le Pen",
    "party": 8,
    "profession": "Avocate",
    "website": "https://mlafrance.fr/",
    "photo": "static/lepen.jpg",
    "biography": "Marine Le Pen"
  }
},
{
  "model": "programmes.candidate",
  "pk": 9,
  "fields": {
    "first_name": "Arnaud",
    "last_name": "Montebourg",
    "party": 9,
    "profession": "Entrepreneur",
    "website": "https://laremontada.fr",
    "photo": "static/montebourg.jpg",
    "biography": "Arnaud Montebourg"
  }
},
{
  "model": "programmes.candidate",
  "pk": 11,
  "fields": {
    "first_name": "Philippe",
    "last_name": "Poutou",
    "party": 12,
    "profession": "Ouvrier d'usine",
    "website": "https://poutou2022.org/",
    "photo": "static/static/poutou.jpg",
    "biography": "Poutou"
  }
},
{
  "model": "programmes.candidate",
  "pk": 12,
  "fields": {
    "first_name": "Fabien",
    "last_name": "Roussel",
    "party": 13,
    "profession": "Journaliste",
    "website": "https://www.fabienroussel2022.fr/",
    "photo": "static/static/roussel.jpg",
    "biography": "Roussel"
  }
},
{
  "model": "programmes.candidate",
  "pk": 13,
  "fields": {
    "first_name": "Antoine",
    "last_name": "Waechter",
    "party": 10,
    "profession": "Ingénieur écologue",
    "website": "https://www.waechter2022.fr/",
    "photo": "static/static/waechter.jpg",
    "biography": "Waechter"
  }
},
{
  "model": "programmes.candidate",
  "pk": 14,
  "fields": {
    "first_name": "Valérie",
    "last_name": "Pécresse",
    "party": 5,
    "profession": "Haute Fonctionnaire",
    "website": "https://www.valeriepecresse.fr/",
    "photo": "static/static/pecresse.jpg",
    "biography": "Haute fonctionnaire"
  }
},
{
  "model": "programmes.candidate",
  "pk": 15,
  "fields": {
    "first_name": "Yannick",
    "last_name": "Jadot",
    "party": 16,
    "profession": "Militant écologiste",
    "website": "https://www.jadot2022.fr/",
    "photo": "static/static/jadot.jpg",
    "biography": "Militant écologiste"
  }
},
{
  "model": "programmes.candidate",
  "pk": 16,
  "fields": {
    "first_name": "Éric",
    "last_name": "Zemmour",
    "party": 17,
    "profession": "Journaliste",
    "website": "https://www.zemmour2022.fr/",
    "photo": "static/static/zemmour.jpg",
    "biography": "Journaliste polémiste"
  }
},
{
  "model": "programmes.term",
  "pk": 1,
  "fields": {
    "candidate": 1,
    "start_date": "2017-06-27",
    "end_date": null,
    "position": 8,
    "summary": "Président du groupe La France insoumise à l'Assemblée nationale"
  }
},
{
  "model": "programmes.politicalposition",
  "pk": 1,
  "fields": {
    "name": "Député français"
  }
},
{
  "model": "programmes.politicalposition",
  "pk": 2,
  "fields": {
    "name": "Député européen"
  }
},
{
  "model": "programmes.politicalposition",
  "pk": 3,
  "fields": {
    "name": "Sénateur français"
  }
},
{
  "model": "programmes.politicalposition",
  "pk": 4,
  "fields": {
    "name": "Ministre délégué à l'Enseignement professionnel"
  }
},
{
  "model": "programmes.politicalposition",
  "pk": 5,
  "fields": {
    "name": "Député européen"
  }
},
{
  "model": "programmes.politicalposition",
  "pk": 6,
  "fields": {
    "name": "Conseiller général"
  }
},
{
  "model": "programmes.politicalposition",
  "pk": 7,
  "fields": {
    "name": "Adjoint au maire"
  }
},
{
  "model": "programmes.politicalposition",
  "pk": 8,
  "fields": {
    "name": "Président de groupe"
  }
},
{
  "model": "programmes.previouspresidentialelection",
  "pk": 1,
  "fields": {
    "year": 2012
  }
},
{
  "model": "programmes.previouspresidentialelection",
  "pk": 2,
  "fields": {
    "year": 2017
  }
},
{
  "model": "programmes.previouspresidentialresult",
  "pk": 1,
  "fields": {
    "election": 1,
    "result": 11.1,
    "candidate": 1
  }
},
{
  "model": "programmes.previouspresidentialresult",
  "pk": 2,
  "fields": {
    "election": 2,
    "result": 19.58,
    "candidate": 1
  }
},
{
  "model": "programmes.previouspresidentialresult",
  "pk": 3,
  "fields": {
    "election": 2,
    "result": 0.92,
    "candidate": 4
  }
},
{
  "model": "programmes.previouspresidentialresult",
  "pk": 4,
  "fields": {
    "election": 1,
    "result": 0.56,
    "candidate": 3
  }
},
{
  "model": "programmes.previouspresidentialresult",
  "pk": 5,
  "fields": {
    "election": 2,
    "result": 0.64,
    "candidate": 3
  }
},
{
  "model": "programmes.previouspresidentialresult",
  "pk": 6,
  "fields": {
    "election": 1,
    "result": 1.79,
    "candidate": 6
  }
},
{
  "model": "programmes.previouspresidentialresult",
  "pk": 7,
  "fields": {
    "election": 2,
    "result": 4.7,
    "candidate": 6
  }
},
{
  "model": "programmes.previouspresidentialresult",
  "pk": 8,
  "fields": {
    "election": 2,
    "result": 1.21,
    "candidate": 7
  }
},
{
  "model": "programmes.previouspresidentialresult",
  "pk": 9,
  "fields": {
    "election": 1,
    "result": 17.9,
    "candidate": 8
  }
},
{
  "model": "programmes.previouspresidentialresult",
  "pk": 10,
  "fields": {
    "election": 2,
    "result": 21.3,
    "candidate": 8
  }
},
{
  "model": "programmes.previouspresidentialresult",
  "pk": 11,
  "fields": {
    "election": 1,
    "result": 1.15,
    "candidate": 11
  }
},
{
  "model": "programmes.previouspresidentialresult",
  "pk": 12,
  "fields": {
    "election": 2,
    "result": 1.09,
    "candidate": 11
  }
},
{
  "model": "programmes.politicalentity",
  "pk": 1,
  "fields": {
    "name": "La France insoumise",
    "summary": "La France insoumise",
    "website": "https://lafranceinsoumise.fr/",
    "parent": null
  }
},
{
  "model": "programmes.politicalentity",
  "pk": 2,
  "fields": {
    "name": "Parti socialiste",
    "summary": "Parti socialiste français",
    "website": "https://www.parti-socialiste.fr/",
    "parent": null
  }
},
{
  "model": "programmes.politicalentity",
  "pk": 3,
  "fields": {
    "name": "Lutte ouvrière",
    "summary": "Lutte ouvrière",
    "website": "https://www.lutte-ouvriere.org/",
    "parent": null
  }
},
{
  "model": "programmes.politicalentity",
  "pk": 4,
  "fields": {
    "name": "Union populaire républicaine",
    "summary": "Union populaire républicaine",
    "website": "https://www.upr.fr/",
    "parent": null
  }
},
{
  "model": "programmes.politicalentity",
  "pk": 5,
  "fields": {
    "name": "Les Républicains",
    "summary": "Les Républicains",
    "website": "https://republicains.fr",
    "parent": null
  }
},
{
  "model": "programmes.politicalentity",
  "pk": 6,
  "fields": {
    "name": "Debout la France",
    "summary": "Debout la France",
    "website": "https://debout-la-france.fr/",
    "parent": null
  }
},
{
  "model": "programmes.politicalentity",
  "pk": 7,
  "fields": {
    "name": "Résistons",
    "summary": "Résistons",
    "website": "https://resistons-france.fr/",
    "parent": null
  }
},
{
  "model": "programmes.politicalentity",
  "pk": 8,
  "fields": {
    "name": "Rassemblement national",
    "summary": "Rassemblement national",
    "website": "https://rassemblementnational.fr/",
    "parent": null
  }
},
{
  "model": "programmes.politicalentity",
  "pk": 9,
  "fields": {
    "name": "L'Engagement",
    "summary": "L'Engagement",
    "website": "https://l-engagement.fr/",
    "parent": null
  }
},
{
  "model": "programmes.politicalentity",
  "pk": 10,
  "fields": {
    "name": "Mouvement écologiste indépendant",
    "summary": "Mouvement écologiste indépendant",
    "website": "https://m-e-i.fr/",
    "parent": null
  }
},
{
  "model": "programmes.politicalentity",
  "pk": 11,
  "fields": {
    "name": "VIA, la voie du peuple",
    "summary": "VIA, la voie du peuple",
    "website": "https://via-lavoiedupeuple.fr/",
    "parent": null
  }
},
{
  "model": "programmes.politicalentity",
  "pk": 12,
  "fields": {
    "name": "Nouveau Parti anticapitaliste",
    "summary": "Nouveau Parti anticapitaliste",
    "website": "https://nouveaupartianticapitaliste.org/",
    "parent": null
  }
},
{
  "model": "programmes.politicalentity",
  "pk": 13,
  "fields": {
    "name": "Parti communiste français",
    "summary": "Parti communiste français",
    "website": "https://www.pcf.fr/",
    "parent": null
  }
},
{
  "model": "programmes.politicalentity",
  "pk": 15,
  "fields": {
    "name": "Europe Écologie Les Verts",
    "summary": "Les verts",
    "website": "https://www.eelv.fr/",
    "parent": 16
  }
},
{
  "model": "programmes.politicalentity",
  "pk": 16,
  "fields": {
    "name": "Les Écologistes",
    "summary": "Coalition de partis et mouvements écologistes pour l'élection présidentielle de 2022.",
    "website": "https://lesecologistes.fr",
    "parent": null
  }
},
{
  "model": "programmes.politicalentity",
  "pk": 17,
  "fields": {
    "name": "Reconquête !",
    "summary": "Parti d'Eric Zemmour",
    "website": "https://www.parti-reconquete.fr/",
    "parent": null
  }
},
{
  "model": "programmes.manifesto",
  "pk": 1,
  "fields": {
    "name": "L'Avenir en commun",
    "candidate": 1,
    "summary": "L'Avenir en commun porte l'idée que le peuple peut, par son action collective, renverser le système actuel  dirigé par des \"dominants\" par la voie démocratique et ainsi faire face aux enjeux que sont la crise climatique et la fracture sociale.\r\n\r\nPour y parvenir, la mesure phare du programme est l’adoption d’une nouvelle constitution qui conduirait la France vers la Sixième République. Parmi les autres points forts de l’Avenir en commun : la justice, l’écologie, le retour de la souveraineté dont le manque se fait ressentir pendant la pandémie, le travail, le partage des richesses, l’accès à l’éducation, l’égalité, la remise en question des traités européens en faisant face aux autres pays de l’Union européenne.",
    "website": "https://melenchon2022.fr/programme/"
  }
},
{
  "model": "programmes.manifesto",
  "pk": 2,
  "fields": {
    "name": "Le courage de dire et la volonté de faire",
    "candidate": 14,
    "summary": "Synthèse du programme",
    "website": "https://www.valeriepecresse.fr/mon-projet/"
  }
},
{
  "model": "programmes.manifesto",
  "pk": 3,
  "fields": {
    "name": "Vivant 2022",
    "candidate": 15,
    "summary": "Programme de Yannick Jadot",
    "website": "https://lesecologistes.fr/"
  }
},
{
  "model": "programmes.manifesto",
  "pk": 4,
  "fields": {
    "name": "Pour que la France reste la France",
    "candidate": 16,
    "summary": "La France aux Français",
    "website": "https://programme.zemmour2022.fr/"
  }
},
{
  "model": "programmes.manifesto",
  "pk": 5,
  "fields": {
    "name": "La France, notre Avenir !",
    "candidate": 4,
    "summary": "La France, notre Avenir !",
    "website": "https://asselineau2022.fr"
  }
},
{
  "model": "programmes.manifesto",
  "pk": 6,
  "fields": {
    "name": "Le bon sens en action !",
    "candidate": 6,
    "summary": "La France mérite qu’on se batte pour elle.\r\n\r\nJe veux la sauver avec un projet présidentiel à la fois ambitieux, concret et solide, fruit de milliers de rencontres avec les Français et de centaines d’heures de travail avec des acteurs de terrain et des experts reconnus.",
    "website": "https://2022nda.fr"
  }
},
{
  "model": "programmes.manifesto",
  "pk": 7,
  "fields": {
    "name": "Hidalgo!2022",
    "candidate": 2,
    "summary": "Une France réconciliée, une France pour tous, qui retrouve sa sérénité, son unité autour des valeurs de la République, le goût du débat citoyen et l’énergie pour affronter dans la justice les grands défis du siècle à venir à mener contre les désordres et écologiques, économiques et démocratiques. C’est le sens de ma candidature à cette élection présidentielle.",
    "website": "https://www.2022avechidalgo.fr"
  }
},
{
  "model": "programmes.manifesto",
  "pk": 8,
  "fields": {
    "name": "JL 2022",
    "candidate": 7,
    "summary": "Résistons! est un mouvement politique qui engage les Français à reprendre la parole. Il organise l’écoute et l’échange, préalables essentiels au renouveau du peuple souverain, à la régénérescence de la démocratie et à la consolidation de la République. Il a pour objet suprême de recréer les conditions qui permettent à l’Homme de retrouver l’Homme.",
    "website": "https://jl2022.fr"
  }
},
{
  "model": "programmes.manifesto",
  "pk": 9,
  "fields": {
    "name": "M La France",
    "candidate": 8,
    "summary": "Autour d’un État restauré dans ses fonctions régaliennes, la Nation sera rétablie dans sa souveraineté et ses libertés.",
    "website": "https://mlafrance.fr"
  }
},
{
  "model": "programmes.manifesto",
  "pk": 10,
  "fields": {
    "name": "Waechter 2022",
    "candidate": 13,
    "summary": "Programme à remplir",
    "website": "https://www.waechter2022.fr/"
  }
},
{
  "model": "programmes.manifesto",
  "pk": 11,
  "fields": {
    "name": "fabienroussel2022",
    "candidate": 12,
    "summary": "fabienroussel2022",
    "website": "https://www.fabienroussel2022.fr/"
  }
},
{
  "model": "programmes.topic",
  "pk": 1,
  "fields": {
    "name": "République et Institutions"
  }
},
{
  "model": "programmes.topic",
  "pk": 2,
  "fields": {
    "name": "Environnement"
  }
},
{
  "model": "programmes.topic",
  "pk": 3,
  "fields": {
    "name": "Économie"
  }
},
{
  "model": "programmes.topic",
  "pk": 4,
  "fields": {
    "name": "Éducation, Enseignement et Recherche"
  }
},
{
  "model": "programmes.topic",
  "pk": 5,
  "fields": {
    "name": "Solidarité et Santé"
  }
},
{
  "model": "programmes.topic",
  "pk": 6,
  "fields": {
    "name": "International"
  }
},
{
  "model": "programmes.topic",
  "pk": 7,
  "fields": {
    "name": "Justice, Défense et Sécurité"
  }
},
{
  "model": "programmes.topic",
  "pk": 8,
  "fields": {
    "name": "Culture et Territoires"
  }
},
{
  "model": "programmes.manifestoparagraph",
  "pk": 1,
  "fields": {
    "topic": 1,
    "text": "## Passer à la 6e République\r\n\r\n### Convoquer une Constituante afin de passer à la Sixième République, pour un régime parlementaire stable\r\n\r\nPour réconcilier le peuple avec les institutions de la France, l'Avenir en commun propose de convoquer une Assemblée constituante pour définir une nouvelle constitution pour passer à la Sixième République, qui serait un régime plus parlementaire. Cette assemblée serait composée à la fois de membres élus et tirée au sort à la suite d'un référendum soumis par le Président de la République, puis elle travaillerait pendant deux ans. Le projet de constitution sera alors soumis aux Français à référendum.\r\n\r\n### La séparation de l'argent et de l'État\r\n\r\nL'Avenir en commun veut également \"mettre en place la séparation de l'argent et l'État\", notamment en durcissant les règles contre les conflits d'intérêt, en combattant l'influence des lobbys dans le débat parlementaire, et en luttant mieux contre la corruption.\r\n\r\n### Le Référendum d'initiative citoyenne\r\n\r\nPour améliorer l'action des citoyens sur les institutions, l'Avenir en commun propose une forme de référendum pour révoquer des élus, proposer ou abroger une loi, modifier la Constitution.\r\n\r\n### La Laïcité\r\n\r\nPour l'Avenir en commun, la laïcité doit être strictement appliquée selon la loi de 1905 de séparation des Églises et de l'État. Cela passe par l'abrogation du concordat d’Alsace-Moselle et le refus de financements publics pour la construction d'édifices religieux. Elle ne doit pas être utilisée pour montrer du doigt les croyants de quelque religion que ce soit.\r\n\r\n### Le contrôle des médias\r\n\r\nIl est constaté que beaucoup de médias sont contrôlés par quelques milliardaires. L'Avenir en commun prévoit une loi anti-concentration et de démocratisation des médias pour :\r\n\r\n- renforcer le statut juridique des rédactions ;\r\n- favoriser les coopératives de journalistes ;\r\n- l'introduction d'une charte déontologique dans la convention collective ;\r\n- donner un droit d'agrément aux rédactions face à l'entrée d'un nouvel actionnaire.",
    "manifesto": 1
  }
},
{
  "model": "programmes.manifestoparagraph",
  "pk": 2,
  "fields": {
    "topic": 2,
    "text": "## La planification écologique\r\n\r\nLe réchauffement climatique est déjà visible aujourd'hui. Pour faire face à l'urgence, il faut révolutionner notre mode de vie pour assurer un futur à la civilisation humaine en s'adaptant aux nouvelles conditions climatiques et en empêchant une aggravation de la situation. L'Avenir en commun propose une planification écologique citoyenne sur le long terme. \r\n\r\n### La règle verte\r\n\r\nLa planification écologique aura pour principe directeur la Règle verte directrice : on ne doit pas prélever à la nature davantage qu'elle ne peut reconstituer. Il faut arriver à subvenir aux besoins essentiels tout en prenant en compte les limites planétaires, cela passera par une changement des modes de vie, de production, de consommation.\r\n\r\n### Les régions définies par les bassins versants\r\n\r\nPour maîtriser le cycle de l'eau, les bassins versants[^1] et les agences de l'eau seront les socles d'une nouvelle organisation des régions. L'objectif : \"zéro pollution et zéro épuisement de la ressource en eau\".\r\n\r\n### Les territoires ultramarins comme pilotes de la planification\r\n\r\nCe sont ces territoires qui aideront à définir les modalités de mise en œuvre des objectifs de la planification écologique : l'autonomie énergétique et renouvelable, l'autosuffisance alimentaire, la protection de la biodiversité, la définition d'une politique maritime.\r\n\r\n### Transports en commun et Services publics\r\n\r\nLa planification écologique comprend leur défense et la reconstruction de leur maillage, notamment dans les départements ruraux, les quartiers populaires, les territoires ultramarins. L'idée est de mettre une distance maximale de 30 minutes entre chaque habitation et les services publics fondamentaux : école, gare, hôpital, bureau de poste.\r\n\r\n[^1]: Voir les [régions hydrographiques françaises](https://fr.wikipedia.org/wiki/Bassin_hydrographique#France).\r\n\r\n## Investir pour lancer la bifurcation écologique\r\n\r\nLa planification écologique sera soutenue par un plan d'investissements écologiques et sociaux de 200 milliards d'euros.\r\n\r\n### Création d'un pôle public des transports et de la mobilité\r\n\r\nIl faut investir dans les transports ferroviaires notamment, en rouvrant les petites lignes, renationaliser la SNCF pour éviter une hausse de prix qui est observée au Royaume-Uni ou en Allemagne, et refuser la mise en concurrence des lignes de transport. Renationaliser les autoroutes permettra aussi de réduire les hausses de tarif des péages.\r\n\r\n### Passer au 100 % renouvelable, Sobriété et Efficacité énergétiques\r\n\r\nD'une part, investir dans les énergies renouvelables au profit du nucléaire et des énergies fossiles. Les centrales nucléaires présentent un risque car vieillissantes, et elles sont chères à entretenir.\r\n\r\nD'autre part, organiser un plan de rénovation du parc immobilier pour éradiquer la précarité énergétique.\r\n\r\n### Abolir l'obsolescence programmée\r\n\r\nPréférer le réparable et le durable au jetable. Il faut allonger les durées de garanties légales des produits et lutter contre l'obsolescence programmée.\r\n\r\n### Créer un ministère de la Production alimentaire\r\n\r\nIl faut relocaliser l'agriculture, la rendre diversifiée et écologique, et créer trois cent mille agricoles.\r\n\r\n## Protéger les biens communs\r\n\r\nIl existe des biens communs qui ne doivent pas être appropriés par des individus. L'Avenir en commun propose d'**établir une liste de tels biens ainsi que de services essentiels par référendum**.\r\n\r\n### La règle bleue\r\n\r\nL'eau est l'enjeu écologique le plus concret, son cycle est perturbé par le réchauffement climatique. Il faut appliquer la règle verte à l'eau, il s'agit de réguler son usage et de protéger sa qualité.\r\n\r\n### Garantir l'accès à l'eau potable courante pour tous les habitants des Outre-mer\r\n\r\nDe nombreux habitants de ces territoires subissent des coupures d'eau ou ont une eau courant polluée. Le droit d'accès à l'eau et son assainissement par une gestion publique est primordial.\r\n\r\n### Interdire les coupes rases sauf impasse sanitaire avérée\r\n\r\nIl faut protéger les forêts qui sont des alliés climatiques et écologiques, en réduisant son industrialisation et sa marchandisation.\r\n\r\n### Interdire les fermes-usines\r\n\r\nLe modèle agricole productiviste est à l'origine de pandémies comme celle de Covid-19, nous pouvons nous en passer grâce aux sources de protéines végétales.  Il ne faut plus considérer les être sensibles comme de simples marchandises.\r\n\r\n### Interdire les dépôts de brevets sur des organismes vivants\r\n\r\nLes espèces animales et végétales ne peuvent être appropriées par des entreprises privées.",
    "manifesto": 1
  }
},
{
  "model": "programmes.manifestoparagraph",
  "pk": 3,
  "fields": {
    "topic": 3,
    "text": "## Souveraineté Sanitaire et Industrielle\r\n\r\nLa crise l'a montré, la France ne doit plus être dépendante d'autres pays pour ses productions essentielles. Il faut les **relocaliser**. Cela passerait notamment par une taxe kilométrique aux frontières pour dissuader l'importation de produits éloignés. Si cette mesure est contre les règles européennes, la France proposera de nouveaux traités compatibles avec les urgences sociales et écologiques, même si cela doit passer par une désobéissance aux règles bloquantes.\r\n\r\n### Bloquer les prix des produits de première nécessité\r\n\r\nÉnergie, gaz, électricité, carburant, denrées alimentaires : tous ces produits indispensables doivent rester abordables.\r\n\r\n### Adopter un pan non liberticide d'adaptation face aux pandémies\r\n\r\nIl serait basé sur la société du roulement et la planification sanitaire : mettre en sécurité sociale les personnes, renforcer les liens d'entraide pour faire face à l'insécurité écologique causée par le réchauffement climatique.\r\n\r\n### Reconstruire l'hôpital public et rembourser 100% des soins prescrits\r\n\r\nUn Français sur trois renonce à des soins faute d'argent. L'Avenir en commun veut lutter contre les déserts médicaux et engageant un plan de recrutement de professionnels de santé, en revalorisant les métiers et les salaires, en augmentant les capacités des hôpitaux. Le numerus clausus serait également supprimé.\r\n\r\n### Lancer un plan pluriannuel d'investissement et de développement des services publics dans les outre-mer",
    "manifesto": 1
  }
},
{
  "model": "programmes.manifestoparagraph",
  "pk": 4,
  "fields": {
    "topic": 5,
    "text": "## Un emploi pour toutes et tous\r\n\r\n### La réduction du temps de travail\r\n\r\nC'est l'une des grandes mesures de l'Avenir en commun. La réduction du temps de travail est le moteur de l'emploi : le temps de travail annuel a été divisé par deux depuis 150 ans, permettant la création de millions d'emplois. De nombreux pays voisins continuent de diminuer ce temps dans la journée, la semaine, l'année et plus globalement dans la vie. La France doit faire de même alors que quatre millions sont privés d'emplois et que le temps de travail moyen est de plus de 37 heures, un rééquilibrage s'impose.\r\n\r\nIl faut appliquer véritablement les 35 heures, adopter une sixième semaine de congés payés, la retraite à 60 ans après 40 annuités. Passer aussi les métiers pénibles et de nuit à 32 h, pour ensuite les généraliser.\r\n\r\n### La garantie d'emploi\r\n\r\n### Porter le SMIC à 1400 euros net\r\n\r\n### Instaurer un quota maxima de 10 % de contrats précaires dans les PME, 5 % dans les grandes entreprises\r\n\r\nUn travailleur sur sept travaille sans CDI, chez les jeunes ce taux atteint 50 %. Cela empêche de se projeter, d'obtenir un crédit ou de trouver du sens à son travail.\r\n\r\n### Revenir sur la réforme Macron de l'assurance-chômage\r\n\r\nIl faut indemniser les chômeurs dès le premier jour, ils reçoivent l'argent qu'ils ont eux-même cotisé en travaillant. Des études ont monté que baisser les prestations sociales n'a aucun impact sur le taux de chômage.\r\n\r\n## Le partage des richesses\r\n\r\n### Refondre l'impôt sur le revenu\r\n\r\nL'Avenir en commun veut rétablir l'ISF : 1 % des plus riches captent en effet 80 % de la richesse produite. L'impôt sur le revenu sera plus progressif grâce à 14 tranches. Il faut également faire payer les entreprises multinationales en fonction de leur activité en France.\r\n\r\nPour faire face aux éventuelles expatriations de riches, l'impôt universel sera appliqué : les Français à l'étranger paieront la différence entre l'impôt pratiqué dans leur pays d'accueil et le barème en France.\r\n\r\n### Garantie d'autonomie\r\n\r\nNul ne doit vivre sous le seuil de pauvreté. Chacun verra son revenu complété si besoin.\r\n\r\n### Zéro SDF\r\n\r\nLes logements adéquats seront réquisitionnés pour sortir de la rue les trois cent milles personnes sans domicile.\r\n\r\n### Sécurité alimentaire\r\n\r\nPour réduire les inégalités, le prix de cinq fruits et légumes de saison seront bloqués. La cantine solaire publique sera gratuite.\r\n\r\n### Renationaliser les aéroports, autoroutes, Française des jeux\r\n\r\n### Établir de nouveaux indicateurs de progrès humain\r\n\r\nL'économie doit être au service de critères de bien-vivre : la santé, l'éducation, etc.\r\n\r\n## L'Égalité réelle maintenant\r\n\r\n### Mettre en œuvre un plan d'action contre les discriminations sous toutes ses formes : emploi, logement, éducation, santé, etc.\r\n\r\nLes actes racistes ont augmenté de 38 % en 2019, pour lutter contre les contrôles au faciès, l'Avenir en commun veut instaurer les récépissé de contrôle d'identité, ainsi que des formations.\r\n\r\nLa majorité des contrats précaires et smicards sont occupés par des femmes. Elles demeurent aussi moins payées que les hommes à poste équivalent. Plus de cent d'entre elles meurent chaque année assassinées par leur conjoint. L'Avenir en commun veut agir de manière urgente.\r\n\r\nLes discriminations à l'égard des personnes LGBTI restent nombreuses. L'Avenir en commun veut interdire les thérapies de conversions contre les comportement homosexuels ainsi qu'un plan d'éradication des violence contre ces personnes. Il sera possible de modifier son état-civil gratuitement devant un officier d'état-civil, et la PMA sera accessible aux personnes trans. \r\n\r\n### Adopter une loi de lutte contre le sexisme et les violences faites aux femmes\r\n\r\nUn milliard d'euros y sera alloué, notamment en matière de formation et de places d'hébergement.\r\n\r\n### Inscrire dans la Constitution la non-marchandisation du corps humain et le droit de disposer de soi en toutes circonstances.\r\n\r\n### Construire un service public de la dépendance pour aider les seniors à rester à domicile\r\n\r\nLe modèle actuel maltraite les aînés, en particulier les femmes ; l'Avenir en commun veut en sortir : chacun a droit a des conditions de vieillesse dignes.\r\n\r\n### Revaloriser et Déconjugaliser l'allocation aux adultes handicapés\r\n\r\nCela assurera l'autonomie financière des personnes en situation de handicap.",
    "manifesto": 1
  }
},
{
  "model": "programmes.manifestoparagraph",
  "pk": 5,
  "fields": {
    "topic": 7,
    "text": "## Garantir la sûreté et la justice\r\n\r\n### Refonder les activités de police pour garantir le droit à la sûreté\r\n\r\nAlors que de nombreux policiers dénoncent une loi du silence dans ses rangs et que des violences restent souvent impunies, la police doit à nouveau entretenir une relation sereine avec la population.\r\n\r\nL'Avenir en commun veut, au profit de la BAC actuelle, réhabiliter la police de proximité et mener des actions dans la durée dans les quartiers.\r\n\r\n### Améliorer l'accès à la justice\r\n\r\nPour assurer un accès à la justice pour tous, l'Avenir en commun prévoit d'augmenter l'aide juridictionnelle et de veiller au retour des tribunaux de proximité. Cela permettra de respecter des délais raisonnables dans les décisions de justice. En effet, celle-ci manque de moyens financiers et humains, si bien que six Français sur dix estiment qu'elle fonctionne mal.\r\n\r\n### Confier au Parlement l'orientation de la politique pénale\r\n\r\nUn texte de loi sera voté chaque année à l'issue d'un débat.\r\n\r\n### Élaborer une nouvelle stratégie antiterroriste\r\n\r\nEn misant sur les moyens humains, l'Avenir en commun espère enfin établir une loi contre le terrorisme efficace et durable.\r\n\r\n### Légaliser et encadrer la production et la vente de cannabis par un monopole d'État\r\n\r\nUn changement de stratégie s'impose : la répression contre cette drogue doit faire place à un usage encadré propice à la lutte contre l'addiction. Les recettes de cette légalisation encadrée financeront les politiques de prévention et de désintoxication. De plus, les moyens policiers seront concentrés sur le démantèlement des trafics.\r\n\r\n### Faire respecter la Convention internationale des droits de l'enfant\r\n\r\nPour mieux les protéger, français ou étrangers. Elle concerne aussi l'interdiction des violences \"éducatives\" et le soutien à la parentalité.",
    "manifesto": 1
  }
},
{
  "model": "programmes.manifestoparagraph",
  "pk": 6,
  "fields": {
    "topic": 8,
    "text": "## Une grande nation artistique, scientifique et sportive\r\n\r\n### Porter le budget consacré à l'art, à la culture et à la création à 1 % du PIB\r\n\r\n### Soutenir la création, le spectacle vivant et l'appropriation pour tous des œuvres et pratiques culturelles\r\n\r\nL'Avenir en commun défend une politique publique de l'art et la culture. Chaque citoyen doit pouvoir s'y exprimer, contribuer, s'impliquer. La culture permet de s'émanciper et d'échapper à l'obscurantisme.\r\n\r\n### Améliorer le régime des intermittents du spectacle\r\n\r\nDepuis les années 1960, les intermittents dépendent d'un régime spécifique pour prendre en compte la spécificité discontinue de leur métier, constitué d'une alternance entre périodes travaillées et chômées, successives ou simultanées. Ce régime est essentiel pour préserver la création, et doit être étendu aux travailleurs discontinus comme les \"extras\" de l'hôtellerie ou les guides-conférenciers",
    "manifesto": 1
  }
},
{
  "model": "programmes.manifestoparagraph",
  "pk": 7,
  "fields": {
    "topic": 4,
    "text": "## Une grande nation scientifique et sportive\r\n\r\n### Financer des plans généraux de thèmes de recherche sur des secteurs d'avenir\r\n\r\nLa France doit reprendre la main sur la recherche. Pour l'Avenir en commun, il en va de sa souveraineté : on constate un précarisation des métiers de la recherche, une baisse de la participation française aux congrès internationaux et une fuite de chercheurs vers d'autre pays.\r\n\r\n### Créer une association sportive dans tous les établissements scolaires du premier degré\r\n\r\nL'Avenir en commun veut par cette voie rendre la pratique du sport encadrée par des professionnels gratuite et accessible à tous.\r\n\r\n## Une école de l'égalité et de l'émancipation\r\n\r\n### Assurer la gratuité de l'éducation publique : cantines, transport, périscolaire, manuels et fournitures\r\n\r\n### Reconstruire l'école de l'égalité et de l'émancipation\r\n\r\nEn renforçant les moyens de l'éducation nationale, en revalorisant son personnel, notamment en augmentant les salaires d'environ 30 %. Elle doit devenir un levier de la bifurcation écologique et sociale.\r\n\r\n### Augmenter le nombre de classes dans les lycées professionnels et agricoles et ouvrir de nouveaux établissements\r\n\r\nLa bifurcation écologique nécessite la formation de travailleurs qualifiés dans tous les secteurs et à tous les niveaux.\r\n\r\n### Démantèlement de Parcoursup et Instauration de la gratuité totale\r\n\r\nGrâce à cette mesure, l'Avenir en commun veut garantir à tous les bacheliers l'accès à la formation de leur choix.\r\n\r\n### Mettre fin à l'illettrisme\r\n\r\nL'Avenir en commun veut y mettre fin avant 2027, il touche particulièrement les Outre-mer.\r\n\r\n### Création de 500 000 places de crèches en cinq ans\r\n\r\n### Mise en place d'un service citoyen\r\n\r\nObligatoire, il serait à effectuer avant l'âge de 25 ans. Il durera neuf mois et sera rémunéré au SMIC. En outre les citoyens seront formés et pourront obtenir le permis de conduire. Ceux qui le souhaitent pourront intégrer la garde nationale, placée sous commandement civil.",
    "manifesto": 1
  }
},
{
  "model": "programmes.manifestoparagraph",
  "pk": 8,
  "fields": {
    "topic": 2,
    "text": "Energie : \r\n- neutralité carbone d’ici 2050.\r\n- construction de 8 EPR (réacteur nucléaire 3ème génération)\r\n- moratoire sur les fermetures des 14 réacteurs prévu d’ici 2035\r\n\r\nTransport :\r\n- Gratuité des transports en commun urbains et investissement de 50 milliards sur 15 ans",
    "manifesto": 11
  }
},
{
  "model": "programmes.manifestoparagraph",
  "pk": 9,
  "fields": {
    "topic": 5,
    "text": "Création de 100 000 postes à l’hôpital public.\r\nDéconjugalisation de l’Allocation Adultes Handicapé.",
    "manifesto": 11
  }
},
{
  "model": "programmes.manifestoparagraph",
  "pk": 10,
  "fields": {
    "topic": 4,
    "text": "Augmentation du temps scolaire : 27h en primaire, 32h au collège et au lycée, sans augmenter le temps de travail des enseignants.\r\n\r\nEn finir avec les devoirs : tout le travail scolaire doit se faire en classe. \r\n\r\nRéduction des effectifs : pas plus de 20 en maternelle et en primaire, pas plus de 25 dans l’enseignement secondaire.\r\n\r\nRecrutement de 90 000 enseignantes et enseignants",
    "manifesto": 11
  }
},
{
  "model": "programmes.manifestoparagraph",
  "pk": 11,
  "fields": {
    "topic": 6,
    "text": "## Rompre avec les traités européens et désobéir\r\n\r\n### Dans tous les cas, appliquer le programme de l'Avenir en commun\r\n\r\n### Plan A : Proposer aux pays de l'Union européenne une rupture concertée avec les traités actuels\r\n\r\n### Plan B : Appliquer le programme au niveau national en assumant la confrontation avec les autres états membres\r\n\r\nL'Avenir en commun veut profiter du poids de la France dans l'Union européenne pour faire évoluer ses règles : ses deux plans s'alimentent mutuellement pour entraîner les autres pays européens. \r\n\r\n## Une diplomatie altermondialiste pour la paix\r\n\r\n### Se retirer immédiatement du commandement intégré de l'OTAN\r\n\r\nAvant d'en sortir par étape pour se préparer à d'éventuelles sanctions américaines, la France doit sortir du commandement de l'OTAN pour sortir de la vision \"atlantiste et occidentale\" et retrouver une voix indépendante.\r\n\r\n### Adopter une loi de programmation militaire\r\n\r\nPour restaurer l'indépendance de la France et s'adapter au changement climatique\r\n\r\n### Porter des propositions de rupture avec le néolibéralisme auprès des institutions internationales\r\n\r\nAvec une position non alignée suite à la sortie de l'OTAN, la France pourra pousser à des coopérations d'intérêt général, à des réponses à la crise climatique, au désarmement nucléaire multilatéral, à la protection et à l'accès aux biens communs.\r\n\r\n### Développer une politique migratoire réaliste et humaniste\r\n\r\nL'Avenir en commun veut notamment augmenter le nombre de structures d'accueil en France et renforcer le droit d'asile et améliorer l'insertion des migrants grâce à une nouvelle politique de délivrance des titres de séjour et un renforcement des dispositifs d'apprentissage de la langue française.",
    "manifesto": 1
  }
}
]
