[
{
  "model": "programmes.candidate",
  "pk": 1,
  "fields": {
    "first_name": "Jean-Luc",
    "last_name": "Mélenchon",
    "party": 1,
    "profession": "Professeur, Journaliste",
    "website": "https://melenchon2022.fr/",
    "photo": "static/static/melenchon.jpg",
    "biography": "Jean-Luc Mélenchon"
  }
},
{
  "model": "programmes.candidate",
  "pk": 2,
  "fields": {
    "first_name": "Anne",
    "last_name": "Hidalgo",
    "party": 2,
    "profession": "Inspectrice du travail",
    "website": "https://www.2022avechidalgo.fr",
    "photo": "static/hidalgo.jpg",
    "biography": "Anne Hidalgo"
  }
},
{
  "model": "programmes.candidate",
  "pk": 3,
  "fields": {
    "first_name": "Nathalie",
    "last_name": "Arthaud",
    "party": 3,
    "profession": "Enseignante",
    "website": "https://www.nathalie-arthaud.info/",
    "photo": "static/arthaud.jpg",
    "biography": "Nathalie Arthaud"
  }
},
{
  "model": "programmes.candidate",
  "pk": 4,
  "fields": {
    "first_name": "François",
    "last_name": "Asselineau",
    "party": 4,
    "profession": "Inspecteur général des finances",
    "website": "https://asselineau2022.fr",
    "photo": "static/asselineau.jpg",
    "biography": "François Asselineau"
  }
},
{
  "model": "programmes.candidate",
  "pk": 6,
  "fields": {
    "first_name": "Nicolas",
    "last_name": "Dupont-Aignan",
    "party": 6,
    "profession": "Administrateur civil",
    "website": "https://debout-la-france.fr/",
    "photo": "static/dupont-aignan.jpg",
    "biography": "Nicolas Dupont-Aignan"
  }
},
{
  "model": "programmes.candidate",
  "pk": 7,
  "fields": {
    "first_name": "Jean",
    "last_name": "Lassalle",
    "party": 7,
    "profession": "Technicien agricole",
    "website": "https://resistons-france.fr/",
    "photo": "static/lassalle.jpg",
    "biography": "Jean Lassalle"
  }
},
{
  "model": "programmes.candidate",
  "pk": 8,
  "fields": {
    "first_name": "Marine",
    "last_name": "Le Pen",
    "party": 8,
    "profession": "Avocate",
    "website": "https://mlafrance.fr/",
    "photo": "static/lepen.jpg",
    "biography": "Marine Le Pen"
  }
},
{
  "model": "programmes.candidate",
  "pk": 9,
  "fields": {
    "first_name": "Arnaud",
    "last_name": "Montebourg",
    "party": 9,
    "profession": "Entrepreneur",
    "website": "https://laremontada.fr",
    "photo": "static/montebourg.jpg",
    "biography": "Arnaud Montebourg"
  }
},
{
  "model": "programmes.candidate",
  "pk": 11,
  "fields": {
    "first_name": "Philippe",
    "last_name": "Poutou",
    "party": 12,
    "profession": "Ouvrier d'usine",
    "website": "https://poutou2022.org/",
    "photo": "static/static/poutou.jpg",
    "biography": "Poutou"
  }
},
{
  "model": "programmes.candidate",
  "pk": 12,
  "fields": {
    "first_name": "Fabien",
    "last_name": "Roussel",
    "party": 13,
    "profession": "Journaliste",
    "website": "https://www.fabienroussel2022.fr/",
    "photo": "static/static/roussel.jpg",
    "biography": "Roussel"
  }
},
{
  "model": "programmes.candidate",
  "pk": 13,
  "fields": {
    "first_name": "Antoine",
    "last_name": "Waechter",
    "party": 10,
    "profession": "Ingénieur écologue",
    "website": "https://www.waechter2022.fr/",
    "photo": "static/static/waechter.jpg",
    "biography": "Waechter"
  }
},
{
  "model": "programmes.candidate",
  "pk": 14,
  "fields": {
    "first_name": "Valérie",
    "last_name": "Pécresse",
    "party": 5,
    "profession": "Haute Fonctionnaire",
    "website": "https://www.valeriepecresse.fr/",
    "photo": "static/static/pecresse.jpg",
    "biography": "Haute fonctionnaire"
  }
},
{
  "model": "programmes.candidate",
  "pk": 15,
  "fields": {
    "first_name": "Yannick",
    "last_name": "Jadot",
    "party": 16,
    "profession": "Militant écologiste",
    "website": "https://www.jadot2022.fr/",
    "photo": "static/static/jadot.jpg",
    "biography": "Militant écologiste"
  }
},
{
  "model": "programmes.candidate",
  "pk": 16,
  "fields": {
    "first_name": "Éric",
    "last_name": "Zemmour",
    "party": 17,
    "profession": "Journaliste",
    "website": "https://www.zemmour2022.fr/",
    "photo": "static/static/zemmour.jpg",
    "biography": "Journaliste polémiste"
  }
},
{
  "model": "programmes.term",
  "pk": 1,
  "fields": {
    "candidate": 1,
    "start_date": "2017-06-27",
    "end_date": null,
    "position": 8,
    "summary": "Président du groupe La France insoumise à l'Assemblée nationale"
  }
},
{
  "model": "programmes.politicalposition",
  "pk": 1,
  "fields": {
    "name": "Député français"
  }
},
{
  "model": "programmes.politicalposition",
  "pk": 2,
  "fields": {
    "name": "Député européen"
  }
},
{
  "model": "programmes.politicalposition",
  "pk": 3,
  "fields": {
    "name": "Sénateur français"
  }
},
{
  "model": "programmes.politicalposition",
  "pk": 4,
  "fields": {
    "name": "Ministre délégué à l'Enseignement professionnel"
  }
},
{
  "model": "programmes.politicalposition",
  "pk": 5,
  "fields": {
    "name": "Député européen"
  }
},
{
  "model": "programmes.politicalposition",
  "pk": 6,
  "fields": {
    "name": "Conseiller général"
  }
},
{
  "model": "programmes.politicalposition",
  "pk": 7,
  "fields": {
    "name": "Adjoint au maire"
  }
},
{
  "model": "programmes.politicalposition",
  "pk": 8,
  "fields": {
    "name": "Président de groupe"
  }
},
{
  "model": "programmes.previouspresidentialelection",
  "pk": 1,
  "fields": {
    "year": 2012
  }
},
{
  "model": "programmes.previouspresidentialelection",
  "pk": 2,
  "fields": {
    "year": 2017
  }
},
{
  "model": "programmes.previouspresidentialresult",
  "pk": 1,
  "fields": {
    "election": 1,
    "result": 11.1,
    "candidate": 1
  }
},
{
  "model": "programmes.previouspresidentialresult",
  "pk": 2,
  "fields": {
    "election": 2,
    "result": 19.58,
    "candidate": 1
  }
},
{
  "model": "programmes.previouspresidentialresult",
  "pk": 3,
  "fields": {
    "election": 2,
    "result": 0.92,
    "candidate": 4
  }
},
{
  "model": "programmes.previouspresidentialresult",
  "pk": 4,
  "fields": {
    "election": 1,
    "result": 0.56,
    "candidate": 3
  }
},
{
  "model": "programmes.previouspresidentialresult",
  "pk": 5,
  "fields": {
    "election": 2,
    "result": 0.64,
    "candidate": 3
  }
},
{
  "model": "programmes.previouspresidentialresult",
  "pk": 6,
  "fields": {
    "election": 1,
    "result": 1.79,
    "candidate": 6
  }
},
{
  "model": "programmes.previouspresidentialresult",
  "pk": 7,
  "fields": {
    "election": 2,
    "result": 4.7,
    "candidate": 6
  }
},
{
  "model": "programmes.previouspresidentialresult",
  "pk": 8,
  "fields": {
    "election": 2,
    "result": 1.21,
    "candidate": 7
  }
},
{
  "model": "programmes.previouspresidentialresult",
  "pk": 9,
  "fields": {
    "election": 1,
    "result": 17.9,
    "candidate": 8
  }
},
{
  "model": "programmes.previouspresidentialresult",
  "pk": 10,
  "fields": {
    "election": 2,
    "result": 21.3,
    "candidate": 8
  }
},
{
  "model": "programmes.previouspresidentialresult",
  "pk": 11,
  "fields": {
    "election": 1,
    "result": 1.15,
    "candidate": 11
  }
},
{
  "model": "programmes.previouspresidentialresult",
  "pk": 12,
  "fields": {
    "election": 2,
    "result": 1.09,
    "candidate": 11
  }
},
{
  "model": "programmes.politicalentity",
  "pk": 1,
  "fields": {
    "name": "La France insoumise",
    "summary": "La France insoumise",
    "website": "https://lafranceinsoumise.fr/",
    "parent": null
  }
},
{
  "model": "programmes.politicalentity",
  "pk": 2,
  "fields": {
    "name": "Parti socialiste",
    "summary": "Parti socialiste français",
    "website": "https://www.parti-socialiste.fr/",
    "parent": null
  }
},
{
  "model": "programmes.politicalentity",
  "pk": 3,
  "fields": {
    "name": "Lutte ouvrière",
    "summary": "Lutte ouvrière",
    "website": "https://www.lutte-ouvriere.org/",
    "parent": null
  }
},
{
  "model": "programmes.politicalentity",
  "pk": 4,
  "fields": {
    "name": "Union populaire républicaine",
    "summary": "Union populaire républicaine",
    "website": "https://www.upr.fr/",
    "parent": null
  }
},
{
  "model": "programmes.politicalentity",
  "pk": 5,
  "fields": {
    "name": "Les Républicains",
    "summary": "Les Républicains",
    "website": "https://republicains.fr",
    "parent": null
  }
},
{
  "model": "programmes.politicalentity",
  "pk": 6,
  "fields": {
    "name": "Debout la France",
    "summary": "Debout la France",
    "website": "https://debout-la-france.fr/",
    "parent": null
  }
},
{
  "model": "programmes.politicalentity",
  "pk": 7,
  "fields": {
    "name": "Résistons",
    "summary": "Résistons",
    "website": "https://resistons-france.fr/",
    "parent": null
  }
},
{
  "model": "programmes.politicalentity",
  "pk": 8,
  "fields": {
    "name": "Rassemblement national",
    "summary": "Rassemblement national",
    "website": "https://rassemblementnational.fr/",
    "parent": null
  }
},
{
  "model": "programmes.politicalentity",
  "pk": 9,
  "fields": {
    "name": "L'Engagement",
    "summary": "L'Engagement",
    "website": "https://l-engagement.fr/",
    "parent": null
  }
},
{
  "model": "programmes.politicalentity",
  "pk": 10,
  "fields": {
    "name": "Mouvement écologiste indépendant",
    "summary": "Mouvement écologiste indépendant",
    "website": "https://m-e-i.fr/",
    "parent": null
  }
},
{
  "model": "programmes.politicalentity",
  "pk": 11,
  "fields": {
    "name": "VIA, la voie du peuple",
    "summary": "VIA, la voie du peuple",
    "website": "https://via-lavoiedupeuple.fr/",
    "parent": null
  }
},
{
  "model": "programmes.politicalentity",
  "pk": 12,
  "fields": {
    "name": "Nouveau Parti anticapitaliste",
    "summary": "Nouveau Parti anticapitaliste",
    "website": "https://nouveaupartianticapitaliste.org/",
    "parent": null
  }
},
{
  "model": "programmes.politicalentity",
  "pk": 13,
  "fields": {
    "name": "Parti communiste français",
    "summary": "Parti communiste français",
    "website": "https://www.pcf.fr/",
    "parent": null
  }
},
{
  "model": "programmes.politicalentity",
  "pk": 15,
  "fields": {
    "name": "Europe Écologie Les Verts",
    "summary": "Les verts",
    "website": "https://www.eelv.fr/",
    "parent": 16
  }
},
{
  "model": "programmes.politicalentity",
  "pk": 16,
  "fields": {
    "name": "Les Écologistes",
    "summary": "Coalition de partis et mouvements écologistes pour l'élection présidentielle de 2022.",
    "website": "https://lesecologistes.fr",
    "parent": null
  }
},
{
  "model": "programmes.politicalentity",
  "pk": 17,
  "fields": {
    "name": "Reconquête !",
    "summary": "Parti d'Eric Zemmour",
    "website": "https://www.parti-reconquete.fr/",
    "parent": null
  }
},
{
  "model": "programmes.manifesto",
  "pk": 1,
  "fields": {
    "name": "L'Avenir en commun",
    "candidate": 1,
    "summary": "L'Avenir en commun porte l'idée que le peuple peut, par son action collective, renverser le système actuel  dirigé par des \"dominants\" par la voie démocratique et ainsi faire face aux enjeux que sont la crise climatique et la fracture sociale.\r\n\r\nPour y parvenir, la mesure phare du programme est l’adoption d’une nouvelle constitution qui conduirait la France vers la Sixième République. Parmi les autres points forts de l’Avenir en commun : la justice, l’écologie, le retour de la souveraineté dont le manque se fait ressentir pendant la pandémie, le travail, le partage des richesses, l’accès à l’éducation, l’égalité, la remise en question des traités européens en faisant face aux autres pays de l’Union européenne.",
    "website": "https://melenchon2022.fr/programme/"
  }
},
{
  "model": "programmes.manifesto",
  "pk": 2,
  "fields": {
    "name": "Le courage de dire et la volonté de faire",
    "candidate": 14,
    "summary": "Après les présidences de François Hollande et d'Emmanuel Macron, Valérie veut que la France retrouve un véritable chef à sa tête. Face à la dette, à l'islamisme, à l'immigration incontrôlée et à l'insécurité, elle veut rétablir l'ordre dans le pays grâce à un projet puissant : réduire les dépenses publiques en supprimant 150 000 postes de fonctionnaires et en menant à son terme la réforme des retraites redonnera à la France les leviers nécessaires pour que chacun puisse vivre de son travail puis de sa retraite, ainsi que d'être soigné quelque soit son revenu.",
    "website": "https://www.valeriepecresse.fr/mon-projet/"
  }
},
{
  "model": "programmes.manifesto",
  "pk": 3,
  "fields": {
    "name": "Vivant 2022",
    "candidate": 15,
    "summary": "Programme de Yannick Jadot",
    "website": "https://lesecologistes.fr/"
  }
},
{
  "model": "programmes.manifesto",
  "pk": 4,
  "fields": {
    "name": "Pour que la France reste la France",
    "candidate": 16,
    "summary": "La France aux Français",
    "website": "https://programme.zemmour2022.fr/"
  }
},
{
  "model": "programmes.manifesto",
  "pk": 5,
  "fields": {
    "name": "La France, notre Avenir !",
    "candidate": 4,
    "summary": "La France, notre Avenir !",
    "website": "https://asselineau2022.fr"
  }
},
{
  "model": "programmes.manifesto",
  "pk": 6,
  "fields": {
    "name": "Le bon sens en action !",
    "candidate": 6,
    "summary": "La France mérite qu’on se batte pour elle.\r\n\r\nJe veux la sauver avec un projet présidentiel à la fois ambitieux, concret et solide, fruit de milliers de rencontres avec les Français et de centaines d’heures de travail avec des acteurs de terrain et des experts reconnus.",
    "website": "https://2022nda.fr"
  }
},
{
  "model": "programmes.manifesto",
  "pk": 7,
  "fields": {
    "name": "Hidalgo!2022",
    "candidate": 2,
    "summary": "Une France réconciliée, une France pour tous, qui retrouve sa sérénité, son unité autour des valeurs de la République, le goût du débat citoyen et l’énergie pour affronter dans la justice les grands défis du siècle à venir à mener contre les désordres et écologiques, économiques et démocratiques. C’est le sens de ma candidature à cette élection présidentielle.",
    "website": "https://www.2022avechidalgo.fr"
  }
},
{
  "model": "programmes.manifesto",
  "pk": 8,
  "fields": {
    "name": "JL 2022",
    "candidate": 7,
    "summary": "Résistons! est un mouvement politique qui engage les Français à reprendre la parole. Il organise l’écoute et l’échange, préalables essentiels au renouveau du peuple souverain, à la régénérescence de la démocratie et à la consolidation de la République. Il a pour objet suprême de recréer les conditions qui permettent à l’Homme de retrouver l’Homme.",
    "website": "https://jl2022.fr"
  }
},
{
  "model": "programmes.manifesto",
  "pk": 9,
  "fields": {
    "name": "M La France",
    "candidate": 8,
    "summary": "Autour d’un État restauré dans ses fonctions régaliennes, la Nation sera rétablie dans sa souveraineté et ses libertés.",
    "website": "https://mlafrance.fr"
  }
},
{
  "model": "programmes.manifesto",
  "pk": 10,
  "fields": {
    "name": "Waechter 2022",
    "candidate": 13,
    "summary": "Programme à remplir",
    "website": "https://www.waechter2022.fr/"
  }
},
{
  "model": "programmes.manifesto",
  "pk": 11,
  "fields": {
    "name": "La France des jours heureux",
    "candidate": 12,
    "summary": "fabienroussel2022",
    "website": "https://www.fabienroussel2022.fr/le_programme"
  }
},
{
  "model": "programmes.topic",
  "pk": 1,
  "fields": {
    "name": "République et Institutions"
  }
},
{
  "model": "programmes.topic",
  "pk": 2,
  "fields": {
    "name": "Environnement"
  }
},
{
  "model": "programmes.topic",
  "pk": 3,
  "fields": {
    "name": "Économie"
  }
},
{
  "model": "programmes.topic",
  "pk": 4,
  "fields": {
    "name": "Éducation, Enseignement et Recherche"
  }
},
{
  "model": "programmes.topic",
  "pk": 5,
  "fields": {
    "name": "Solidarité et Santé"
  }
},
{
  "model": "programmes.topic",
  "pk": 6,
  "fields": {
    "name": "International"
  }
},
{
  "model": "programmes.topic",
  "pk": 7,
  "fields": {
    "name": "Justice, Défense et Sécurité"
  }
},
{
  "model": "programmes.topic",
  "pk": 8,
  "fields": {
    "name": "Culture et Territoires"
  }
},
{
  "model": "programmes.manifestoparagraph",
  "pk": 1,
  "fields": {
    "topic": 1,
    "text": "## Passer à la 6e République\r\n\r\n### Convoquer une Constituante afin de passer à la Sixième République, pour un régime parlementaire stable\r\n\r\nPour réconcilier le peuple avec les institutions de la France, l'Avenir en commun propose de convoquer une Assemblée constituante pour définir une nouvelle constitution pour passer à la Sixième République, qui serait un régime plus parlementaire. Cette assemblée serait composée à la fois de membres élus et tirée au sort à la suite d'un référendum soumis par le Président de la République, puis elle travaillerait pendant deux ans. Le projet de constitution sera alors soumis aux Français par référendum.\r\n\r\n### La séparation de l'argent et de l'État\r\n\r\nL'Avenir en commun veut également \"mettre en place la séparation de l'argent et l'État\", notamment en durcissant les règles contre les conflits d'intérêt, en combattant l'influence des lobbys dans le débat parlementaire, et en luttant mieux contre la corruption.\r\n\r\n### Le Référendum d'initiative citoyenne\r\n\r\nPour améliorer l'action des citoyens sur les institutions, l'Avenir en commun propose une forme de référendum pour révoquer des élus, proposer ou abroger une loi, modifier la Constitution.\r\n\r\n### La Laïcité\r\n\r\nPour l'Avenir en commun, la laïcité doit être strictement appliquée selon la loi de 1905 de séparation des Églises et de l'État. Cela passe par l'abrogation du concordat d’Alsace-Moselle et le refus de financements publics pour la construction d'édifices religieux. Elle ne doit pas être utilisée pour montrer du doigt les croyants de quelque religion que ce soit.\r\n\r\n### Le contrôle des médias\r\n\r\nIl est constaté que beaucoup de médias sont contrôlés par quelques milliardaires. L'Avenir en commun prévoit une loi anti-concentration et de démocratisation des médias pour :\r\n\r\n- renforcer le statut juridique des rédactions ;\r\n- favoriser les coopératives de journalistes ;\r\n- l'introduction d'une charte déontologique dans la convention collective ;\r\n- donner un droit d'agrément aux rédactions face à l'entrée d'un nouvel actionnaire.",
    "manifesto": 1
  }
},
{
  "model": "programmes.manifestoparagraph",
  "pk": 2,
  "fields": {
    "topic": 2,
    "text": "## La planification écologique\r\n\r\nLe réchauffement climatique est déjà visible aujourd'hui. Pour faire face à l'urgence, il faut révolutionner notre mode de vie pour assurer un futur à la civilisation humaine en s'adaptant aux nouvelles conditions climatiques et en empêchant une aggravation de la situation. L'Avenir en commun propose une planification écologique citoyenne sur le long terme. \r\n\r\n### La règle verte\r\n\r\nLa planification écologique aura pour principe directeur la Règle verte directrice : on ne doit pas prélever à la nature davantage qu'elle ne peut reconstituer. Il faut arriver à subvenir aux besoins essentiels tout en prenant en compte les limites planétaires, cela passera par une changement des modes de vie, de production, de consommation.\r\n\r\n### Les régions définies par les bassins versants\r\n\r\nPour maîtriser le cycle de l'eau, les bassins versants[^1] et les agences de l'eau seront les socles d'une nouvelle organisation des régions. L'objectif : \"zéro pollution et zéro épuisement de la ressource en eau\".\r\n\r\n### Les territoires ultramarins comme pilotes de la planification\r\n\r\nCe sont ces territoires qui aideront à définir les modalités de mise en œuvre des objectifs de la planification écologique : l'autonomie énergétique et renouvelable, l'autosuffisance alimentaire, la protection de la biodiversité, la définition d'une politique maritime.\r\n\r\n### Transports en commun et Services publics\r\n\r\nLa planification écologique comprend leur défense et la reconstruction de leur maillage, notamment dans les départements ruraux, les quartiers populaires, les territoires ultramarins. L'idée est de mettre une distance maximale de 30 minutes entre chaque habitation et les services publics fondamentaux : école, gare, hôpital, bureau de poste.\r\n\r\n[^1]: Voir les [régions hydrographiques françaises](https://fr.wikipedia.org/wiki/Bassin_hydrographique#France).\r\n\r\n## Investir pour lancer la bifurcation écologique\r\n\r\nLa planification écologique sera soutenue par un plan d'investissements écologiques et sociaux de 200 milliards d'euros.\r\n\r\n### Création d'un pôle public des transports et de la mobilité\r\n\r\nIl faut investir dans les transports ferroviaires notamment, en rouvrant les petites lignes, renationaliser la SNCF pour éviter une hausse de prix qui est observée au Royaume-Uni ou en Allemagne, et refuser la mise en concurrence des lignes de transport. Renationaliser les autoroutes permettra aussi de réduire les hausses de tarif des péages.\r\n\r\n### Passer au 100 % renouvelable, Sobriété et Efficacité énergétiques\r\n\r\nD'une part, investir dans les énergies renouvelables au profit du nucléaire et des énergies fossiles. Les centrales nucléaires présentent un risque car vieillissantes, et elles sont chères à entretenir.\r\n\r\nD'autre part, organiser un plan de rénovation du parc immobilier pour éradiquer la précarité énergétique.\r\n\r\n### Abolir l'obsolescence programmée\r\n\r\nPréférer le réparable et le durable au jetable. Il faut allonger les durées de garanties légales des produits et lutter contre l'obsolescence programmée.\r\n\r\n### Créer un ministère de la Production alimentaire\r\n\r\nIl faut relocaliser l'agriculture, la rendre diversifiée et écologique, et créer trois cent mille agricoles.\r\n\r\n## Protéger les biens communs\r\n\r\nIl existe des biens communs qui ne doivent pas être appropriés par des individus. L'Avenir en commun propose d'**établir une liste de tels biens ainsi que de services essentiels par référendum**.\r\n\r\n### La règle bleue\r\n\r\nL'eau est l'enjeu écologique le plus concret, son cycle est perturbé par le réchauffement climatique. Il faut appliquer la règle verte à l'eau, il s'agit de réguler son usage et de protéger sa qualité.\r\n\r\n### Garantir l'accès à l'eau potable courante pour tous les habitants des Outre-mer\r\n\r\nDe nombreux habitants de ces territoires subissent des coupures d'eau ou ont une eau courant polluée. Le droit d'accès à l'eau et son assainissement par une gestion publique est primordial.\r\n\r\n### Interdire les coupes rases sauf impasse sanitaire avérée\r\n\r\nIl faut protéger les forêts qui sont des alliés climatiques et écologiques, en réduisant son industrialisation et sa marchandisation.\r\n\r\n### Interdire les fermes-usines\r\n\r\nLe modèle agricole productiviste est à l'origine de pandémies comme celle de Covid-19, nous pouvons nous en passer grâce aux sources de protéines végétales.  Il ne faut plus considérer les être sensibles comme de simples marchandises.\r\n\r\n### Interdire les dépôts de brevets sur des organismes vivants\r\n\r\nLes espèces animales et végétales ne peuvent être appropriées par des entreprises privées.",
    "manifesto": 1
  }
},
{
  "model": "programmes.manifestoparagraph",
  "pk": 3,
  "fields": {
    "topic": 3,
    "text": "## Souveraineté Sanitaire et Industrielle\r\n\r\nLa crise l'a montré, la France ne doit plus être dépendante d'autres pays pour ses productions essentielles. Il faut les **relocaliser**. Cela passerait notamment par une taxe kilométrique aux frontières pour dissuader l'importation de produits éloignés. Si cette mesure est contre les règles européennes, la France proposera de nouveaux traités compatibles avec les urgences sociales et écologiques, même si cela doit passer par une désobéissance aux règles bloquantes.\r\n\r\n### Bloquer les prix des produits de première nécessité\r\n\r\nÉnergie, gaz, électricité, carburant, denrées alimentaires : tous ces produits indispensables doivent rester abordables.\r\n\r\n### Adopter un plan non liberticide d'adaptation face aux pandémies\r\n\r\nIl serait basé sur la société du roulement et la planification sanitaire : mettre en sécurité sociale les personnes, renforcer les liens d'entraide pour faire face à l'insécurité écologique causée par le réchauffement climatique.\r\n\r\n### Reconstruire l'hôpital public et rembourser 100% des soins prescrits\r\n\r\nUn Français sur trois renonce à des soins faute d'argent. L'Avenir en commun veut lutter contre les déserts médicaux et engageant un plan de recrutement de professionnels de santé, en revalorisant les métiers et les salaires, en augmentant les capacités des hôpitaux. Le numerus clausus serait également supprimé.\r\n\r\n### Lancer un plan pluriannuel d'investissement et de développement des services publics dans les outre-mer",
    "manifesto": 1
  }
},
{
  "model": "programmes.manifestoparagraph",
  "pk": 4,
  "fields": {
    "topic": 5,
    "text": "## Un emploi pour toutes et tous\r\n\r\n### La réduction du temps de travail\r\n\r\nC'est l'une des grandes mesures de l'Avenir en commun. La réduction du temps de travail est le moteur de l'emploi : le temps de travail annuel a été divisé par deux depuis 150 ans, permettant la création de millions d'emplois. De nombreux pays voisins continuent de diminuer ce temps dans la journée, la semaine, l'année et plus globalement dans la vie. La France doit faire de même alors que quatre millions sont privés d'emplois et que le temps de travail moyen est de plus de 37 heures, un rééquilibrage s'impose.\r\n\r\nIl faut appliquer véritablement les 35 heures, adopter une sixième semaine de congés payés, la retraite à 60 ans après 40 annuités. Passer aussi les métiers pénibles et de nuit à 32 h, pour ensuite les généraliser.\r\n\r\n### La garantie d'emploi\r\n\r\n### Porter le SMIC à 1400 euros net\r\n\r\n### Instaurer un quota maxima de 10 % de contrats précaires dans les PME, 5 % dans les grandes entreprises\r\n\r\nUn travailleur sur sept travaille sans CDI, chez les jeunes ce taux atteint 50 %. Cela empêche de se projeter, d'obtenir un crédit ou de trouver du sens à son travail.\r\n\r\n### Revenir sur la réforme Macron de l'assurance-chômage\r\n\r\nIl faut indemniser les chômeurs dès le premier jour, ils reçoivent l'argent qu'ils ont eux-même cotisé en travaillant. Des études ont monté que baisser les prestations sociales n'a aucun impact sur le taux de chômage.\r\n\r\n## Le partage des richesses\r\n\r\n### Refondre l'impôt sur le revenu\r\n\r\nL'Avenir en commun veut rétablir l'ISF : 1 % des plus riches captent en effet 80 % de la richesse produite. L'impôt sur le revenu sera plus progressif grâce à 14 tranches. Il faut également faire payer les entreprises multinationales en fonction de leur activité en France.\r\n\r\nPour faire face aux éventuelles expatriations de riches, l'impôt universel sera appliqué : les Français à l'étranger paieront la différence entre l'impôt pratiqué dans leur pays d'accueil et le barème en France.\r\n\r\n### Garantie d'autonomie\r\n\r\nNul ne doit vivre sous le seuil de pauvreté. Chacun verra son revenu complété si besoin.\r\n\r\n### Zéro SDF\r\n\r\nLes logements adéquats seront réquisitionnés pour sortir de la rue les trois cent milles personnes sans domicile.\r\n\r\n### Sécurité alimentaire\r\n\r\nPour réduire les inégalités, le prix de cinq fruits et légumes de saison seront bloqués. La cantine solaire publique sera gratuite.\r\n\r\n### Renationaliser les aéroports, autoroutes, Française des jeux\r\n\r\n### Établir de nouveaux indicateurs de progrès humain\r\n\r\nL'économie doit être au service de critères de bien-vivre : la santé, l'éducation, etc.\r\n\r\n## L'Égalité réelle maintenant\r\n\r\n### Mettre en œuvre un plan d'action contre les discriminations sous toutes ses formes : emploi, logement, éducation, santé, etc.\r\n\r\nLes actes racistes ont augmenté de 38 % en 2019, pour lutter contre les contrôles au faciès, l'Avenir en commun veut instaurer les récépissé de contrôle d'identité, ainsi que des formations.\r\n\r\nLa majorité des contrats précaires et smicards sont occupés par des femmes. Elles demeurent aussi moins payées que les hommes à poste équivalent. Plus de cent d'entre elles meurent chaque année assassinées par leur conjoint. L'Avenir en commun veut agir de manière urgente.\r\n\r\nLes discriminations à l'égard des personnes LGBTI restent nombreuses. L'Avenir en commun veut interdire les thérapies de conversions contre les comportement homosexuels ainsi qu'un plan d'éradication des violence contre ces personnes. Il sera possible de modifier son état-civil gratuitement devant un officier d'état-civil, et la PMA sera accessible aux personnes trans. \r\n\r\n### Adopter une loi de lutte contre le sexisme et les violences faites aux femmes\r\n\r\nUn milliard d'euros y sera alloué, notamment en matière de formation et de places d'hébergement.\r\n\r\n### Inscrire dans la Constitution la non-marchandisation du corps humain et le droit de disposer de soi en toutes circonstances.\r\n\r\n### Construire un service public de la dépendance pour aider les seniors à rester à domicile\r\n\r\nLe modèle actuel maltraite les aînés, en particulier les femmes ; l'Avenir en commun veut en sortir : chacun a droit a des conditions de vieillesse dignes.\r\n\r\n### Revaloriser et Déconjugaliser l'allocation aux adultes handicapés\r\n\r\nCela assurera l'autonomie financière des personnes en situation de handicap.",
    "manifesto": 1
  }
},
{
  "model": "programmes.manifestoparagraph",
  "pk": 5,
  "fields": {
    "topic": 7,
    "text": "## Garantir la sûreté et la justice\r\n\r\n### Refonder les activités de police pour garantir le droit à la sûreté\r\n\r\nAlors que de nombreux policiers dénoncent une loi du silence dans ses rangs et que des violences restent souvent impunies, la police doit à nouveau entretenir une relation sereine avec la population.\r\n\r\nL'Avenir en commun veut, au profit de la BAC actuelle, réhabiliter la police de proximité et mener des actions dans la durée dans les quartiers.\r\n\r\n### Améliorer l'accès à la justice\r\n\r\nPour assurer un accès à la justice pour tous, l'Avenir en commun prévoit d'augmenter l'aide juridictionnelle et de veiller au retour des tribunaux de proximité. Cela permettra de respecter des délais raisonnables dans les décisions de justice. En effet, celle-ci manque de moyens financiers et humains, si bien que six Français sur dix estiment qu'elle fonctionne mal.\r\n\r\n### Confier au Parlement l'orientation de la politique pénale\r\n\r\nUn texte de loi sera voté chaque année à l'issue d'un débat.\r\n\r\n### Élaborer une nouvelle stratégie antiterroriste\r\n\r\nEn misant sur les moyens humains, l'Avenir en commun espère enfin établir une loi contre le terrorisme efficace et durable.\r\n\r\n### Légaliser et encadrer la production et la vente de cannabis par un monopole d'État\r\n\r\nUn changement de stratégie s'impose : la répression contre cette drogue doit faire place à un usage encadré propice à la lutte contre l'addiction. Les recettes de cette légalisation encadrée financeront les politiques de prévention et de désintoxication. De plus, les moyens policiers seront concentrés sur le démantèlement des trafics.\r\n\r\n### Faire respecter la Convention internationale des droits de l'enfant\r\n\r\nPour mieux les protéger, français ou étrangers. Elle concerne aussi l'interdiction des violences \"éducatives\" et le soutien à la parentalité.",
    "manifesto": 1
  }
},
{
  "model": "programmes.manifestoparagraph",
  "pk": 6,
  "fields": {
    "topic": 8,
    "text": "## Une grande nation artistique, scientifique et sportive\r\n\r\n### Porter le budget consacré à l'art, à la culture et à la création à 1 % du PIB\r\n\r\n### Soutenir la création, le spectacle vivant et l'appropriation pour tous des œuvres et pratiques culturelles\r\n\r\nL'Avenir en commun défend une politique publique de l'art et la culture. Chaque citoyen doit pouvoir s'y exprimer, contribuer, s'impliquer. La culture permet de s'émanciper et d'échapper à l'obscurantisme.\r\n\r\n### Améliorer le régime des intermittents du spectacle\r\n\r\nDepuis les années 1960, les intermittents dépendent d'un régime spécifique pour prendre en compte la spécificité discontinue de leur métier, constitué d'une alternance entre périodes travaillées et chômées, successives ou simultanées. Ce régime est essentiel pour préserver la création, et doit être étendu aux travailleurs discontinus comme les \"extras\" de l'hôtellerie ou les guides-conférenciers",
    "manifesto": 1
  }
},
{
  "model": "programmes.manifestoparagraph",
  "pk": 7,
  "fields": {
    "topic": 4,
    "text": "## Une grande nation scientifique et sportive\r\n\r\n### Financer des plans généraux de thèmes de recherche sur des secteurs d'avenir\r\n\r\nLa France doit reprendre la main sur la recherche. Pour l'Avenir en commun, il en va de sa souveraineté : on constate un précarisation des métiers de la recherche, une baisse de la participation française aux congrès internationaux et une fuite de chercheurs vers d'autre pays.\r\n\r\n### Créer une association sportive dans tous les établissements scolaires du premier degré\r\n\r\nL'Avenir en commun veut par cette voie rendre la pratique du sport encadrée par des professionnels gratuite et accessible à tous.\r\n\r\n## Une école de l'égalité et de l'émancipation\r\n\r\n### Assurer la gratuité de l'éducation publique : cantines, transport, périscolaire, manuels et fournitures\r\n\r\n### Reconstruire l'école de l'égalité et de l'émancipation\r\n\r\nEn renforçant les moyens de l'éducation nationale, en revalorisant son personnel, notamment en augmentant les salaires d'environ 30 %. Elle doit devenir un levier de la bifurcation écologique et sociale.\r\n\r\n### Augmenter le nombre de classes dans les lycées professionnels et agricoles et ouvrir de nouveaux établissements\r\n\r\nLa bifurcation écologique nécessite la formation de travailleurs qualifiés dans tous les secteurs et à tous les niveaux.\r\n\r\n### Démantèlement de Parcoursup et Instauration de la gratuité totale\r\n\r\nGrâce à cette mesure, l'Avenir en commun veut garantir à tous les bacheliers l'accès à la formation de leur choix.\r\n\r\n### Mettre fin à l'illettrisme\r\n\r\nL'Avenir en commun veut y mettre fin avant 2027, il touche particulièrement les Outre-mer.\r\n\r\n### Création de 500 000 places de crèches en cinq ans\r\n\r\n### Mise en place d'un service citoyen\r\n\r\nObligatoire, il serait à effectuer avant l'âge de 25 ans. Il durera neuf mois et sera rémunéré au SMIC. En outre les citoyens seront formés et pourront obtenir le permis de conduire. Ceux qui le souhaitent pourront intégrer la garde nationale, placée sous commandement civil.",
    "manifesto": 1
  }
},
{
  "model": "programmes.manifestoparagraph",
  "pk": 8,
  "fields": {
    "topic": 2,
    "text": "## Energie : \r\n- neutralité carbone d’ici 2050.\r\n- construction de 8 EPR (réacteur nucléaire 3ème génération)\r\n- moratoire sur les fermetures des 14 réacteurs prévu d’ici 2035\r\n\r\n## Transport :\r\n- Gratuité des transports en commun urbains et investissement de 50 milliards sur 15 ans",
    "manifesto": 11
  }
},
{
  "model": "programmes.manifestoparagraph",
  "pk": 9,
  "fields": {
    "topic": 5,
    "text": "## Santé\r\n- Création de 100 000 postes à l’hôpital public.\r\n- Déconjugalisation de l’Allocation Adultes Handicapé.\r\n\r\n## Une révolution du travail et la revalorisation des salaires \r\n\r\n### La semaine de travail passera à 32 heures, sans diminution de salaires\r\nPour permettre aux salariés de retrouver un gain de productivité",
    "manifesto": 11
  }
},
{
  "model": "programmes.manifestoparagraph",
  "pk": 10,
  "fields": {
    "topic": 4,
    "text": "## Ecole\r\n\r\n- Augmentation du temps scolaire : 27h en primaire, 32h au collège et au lycée, sans augmenter le temps de travail des enseignants.\r\n\r\n- En finir avec les devoirs : tout le travail scolaire doit se faire en classe. \r\n\r\n- Réduction des effectifs : pas plus de 20 en maternelle et en primaire, pas plus de 25 dans l’enseignement secondaire.\r\n\r\n### Professeurs\r\n\r\nRecrutement de 90 000 enseignantes et enseignants",
    "manifesto": 11
  }
},
{
  "model": "programmes.manifestoparagraph",
  "pk": 11,
  "fields": {
    "topic": 6,
    "text": "## Rompre avec les traités européens et désobéir\r\n\r\n### Dans tous les cas, appliquer le programme de l'Avenir en commun\r\n\r\n### Plan A : Proposer aux pays de l'Union européenne une rupture concertée avec les traités actuels\r\n\r\n### Plan B : Appliquer le programme au niveau national en assumant la confrontation avec les autres états membres\r\n\r\nL'Avenir en commun veut profiter du poids de la France dans l'Union européenne pour faire évoluer ses règles : ses deux plans s'alimentent mutuellement pour entraîner les autres pays européens. \r\n\r\n## Une diplomatie altermondialiste pour la paix\r\n\r\n### Se retirer immédiatement du commandement intégré de l'OTAN\r\n\r\nAvant d'en sortir par étape pour se préparer à d'éventuelles sanctions américaines, la France doit sortir du commandement de l'OTAN pour sortir de la vision \"atlantiste et occidentale\" et retrouver une voix indépendante.\r\n\r\n### Adopter une loi de programmation militaire\r\n\r\nPour restaurer l'indépendance de la France et s'adapter au changement climatique\r\n\r\n### Porter des propositions de rupture avec le néolibéralisme auprès des institutions internationales\r\n\r\nAvec une position non alignée suite à la sortie de l'OTAN, la France pourra pousser à des coopérations d'intérêt général, à des réponses à la crise climatique, au désarmement nucléaire multilatéral, à la protection et à l'accès aux biens communs.\r\n\r\n### Développer une politique migratoire réaliste et humaniste\r\n\r\nL'Avenir en commun veut notamment augmenter le nombre de structures d'accueil en France et renforcer le droit d'asile et améliorer l'insertion des migrants grâce à une nouvelle politique de délivrance des titres de séjour et un renforcement des dispositifs d'apprentissage de la langue française.",
    "manifesto": 1
  }
},
{
  "model": "programmes.manifestoparagraph",
  "pk": 12,
  "fields": {
    "topic": 1,
    "text": "## Stopper l'immigration actuelle et défendre les valeurs de la République\r\n\r\nEmmanuel Macron n'a pas réussi à maîtriser les flux migratoires entrant sur le territoire, comme le montrent le nombre record de délivrances de titres de séjour et l'incapacité à reconduire les clandestins dans leurs pays d'origine. Pour que les Français conservent leur mode de vie, il faut à contrôler l'immigration. Valérie Pécresse prévoit donc de soumettre à référendum un projet de loi constitutionnel permettant les mesures suivantes.\r\n\r\n### Mise en place de quotas d'accueil par métier et par pays\r\n\r\n### Suspendre la délivrance de nouveaux visas d'entrée pour les pays qui refusent de délivrer des laissez-passez pour le retour de leurs ressortissants clandestins\r\n\r\n### Supprimer le versement des prestations sociales non contributives à tous les étrangers\r\n\r\nS'ils n'ont pas résidé 5 ans en France de manière régulière en France. En outre, l'aide médicale d'État sera recentrée sur la médecine urgente et les maladies contagieuses.\r\n\r\n### En finir avec le droit du sol automatique\r\n\r\nLes enfants nés en France de parents étrangers pourront accéder à la nationalité française s'ils maîtrisent la langue française et s'ils respectent les valeurs de la République.\r\n\r\n### Expulser immédiatement les clandestins représentant une menace grave\r\n\r\n### Rendre nécessaire la maîtrise du français l'obtention de la carte de séjour\r\n\r\n## Lutte contre l'islamisme radical\r\n\r\n### Fermeture de toute mosquée où il est tenu un discours hostile à la France\r\n\r\n### Imposer un serment de respect de la laïcité et des valeurs républicaines pour le recrutement de tout agent public\r\n\r\n### Faire de la radicalisation un motif de licenciement\r\n\r\n### Utiliser la reconnaissance faciale dans les transports en commun pour repérer les personnes du fichier anti-terroriste\r\n\r\n### Maintenir enfermés les terroristes radicalisés en prison à l'issue de leurs peines\r\n\r\n### Interdiction du port du voile forcé, du port du voile pour les accompagnatrices scolaires et du port du burkini\r\n\r\n## Renforcement de l'intégration\r\n\r\n### Éradiquer en dix ans les ghettos en plafonnant le nombre de logements sociaux par quartier à 30 %\r\n\r\n### Renforcer l'enseignement de l'histoire de France à l'école",
    "manifesto": 2
  }
},
{
  "model": "programmes.manifestoparagraph",
  "pk": 13,
  "fields": {
    "topic": 7,
    "text": "## Rétablir l'ordre de la rue\r\n\r\n### Consacrer cinq milliards d'euros à l'équipement des forces de l'ordre\r\n\r\nLa loi sera modifiée pour permettre l'utilisation des technologies du maintien de l'ordre et d'enquête plus performantes.\r\n\r\n### Instaurer des peines plancher contre ceux qui s'en prennent aux forces de l'ordre\r\n\r\n### Rendre obligatoire l'armement des polices municipales dans les villes de plus de cinq mille habitants\r\n\r\n## Augmenter les moyens de la justice\r\n\r\nValérie Pécresse considère que l'impunité règne en France : 5 % des faits constatés aboutissent à une condamnation. Il faut rompre avec dix ans de laxisme, la justice doit être plus efficace.\r\n\r\n### Augmenter de 50 % les moyens des tribunaux sur cinq ans\r\n\r\nCela va engendrer notamment 16 000 recrutements supplémentaires, parmi les juges, procureurs, greffiers, juristes assistants et personnels techniques.\r\n\r\n### Consacrer 1,8 milliard par an à la mise à disposition de la justice des équipements informatiques performants\r\n\r\nCela permettra de mieux cibler les 6 % des délinquants qui, d'après une étude britannique, sont responsables de 60 % es infractions.\r\n\r\n### Simplifier la procédure pénale pour réduire massivement les délais de jugement\r\n\r\n### Instruire en 72 heures et juger en 15 jours les violences intrafamiliales\r\n\r\nCette mesure cible en particulier les violences conjugales. Les autres violences et délits du quotidien seront jugés en moins de six mois, appels compris.\r\n\r\n### Ouvrir des centres correctionnels fermés pour en finir avec l'aménagement des courtes peines\r\n\r\nLe nombre de places de travaux d'intérêt général sera doublé en cinq ans, de même pour les centres éducatifs fermés pour mineurs. Enfin, 20 000 places de prison seront construites.\r\n\r\n### Généraliser les retenues sur salaires et prestations sociales\r\n\r\nIl s'agit de lutter contre les amendes impayées, soit 50 % des amendes pénales.\r\n\r\n### Abaisser la majorité pénale à 16 ans",
    "manifesto": 2
  }
},
{
  "model": "programmes.manifestoparagraph",
  "pk": 14,
  "fields": {
    "topic": 5,
    "text": "## Réformer et réduire la bureaucratie pour augmenter fortement les revenus\r\n\r\n### Provoquer une augmentation de 10 % des salaires nets\r\n\r\nValérie Pécresse veut mécaniquement augmenter les salaires en transférant les cotisations vieillesse payées par les salariés aux entreprises. Cette mesure concerne tous les salaires compris entre 1 et 2,2 SMIC, représentant une hausse net par an de 1510 € à 3321 €.\r\n\r\n### Demander aux entreprises cotées de s'organiser pour que les salariés détiennent au moins 10 % du capital d'ici 5 ans\r\n\r\n### Lancer la réforme des retraites dès le printemps 2022\r\n\r\nSon objectif : monter l'âge légal de départ à la retraite à 65 ans d'ici 2030 et fournir à tous ceux qui ont travaillé toute leur vie au minimum un SMIC net par mois.\r\n\r\n### Remplacer le Contrat d'engagement par le RJA (Revenu Jeune Actif)\r\n\r\nLes jeunes qui s'engageront dans une formation qualifiante dans les secteurs en tension uniquement, recevront 670 € par mois.\r\n\r\n### Renforcer la dégressivité des allocations chômage\r\n\r\nCette mesure s'appliquera pour tous les salariés de moins de 50 ans et rémunérés plus de deux SMIC.\r\n\r\n### Créer un droit au logement prioritaire pour les travailleurs de première ligne\r\n\r\nLes personnels soignants, policiers, professeurs, etc. doivent pouvoir habiter dans leur ville d'exercice.\r\n\r\n## Réduire les dépenses publiques\r\n\r\nValérie Pécresse veut supprimer 200 000 postes de fonctionnaires en 5 ans dans l'administration de l'État et des collectivités locales et créer 50 000 postes consacrés à l'éducation, aux soins et à la police.\r\n\r\n## Remettre la famille au cœur de nos politiques\r\n\r\n## Un plan d'urgence pour la santé et pour la prise en charge du handicap",
    "manifesto": 2
  }
},
{
  "model": "programmes.manifestoparagraph",
  "pk": 15,
  "fields": {
    "topic": 3,
    "text": "## Libéraliser l'économie pour créer davantage de richesses et d'emplois\r\n\r\nLe code du travail a doublé en nombre d'articles en vingt ans, pourtant la France a toujours un mauvais taux de chômage (deux fois plus important qu'en Allemagne). Pour Valérie Pécresse, il faut libéraliser l'économie et sortir de l'enfer bureaucratique.\r\n\r\n### Mettre fin aux 35 heures et libéraliser le temps de travail\r\n\r\nPar défaut, sauf accord, le temps de travail sera de 39 heures. Cependant, celui-ci pourra être négocié par branche ou par entreprise pour s'adapter aux nouvelles façons de travailler.\r\n\r\n### Céder les participations minoritaires de l'État\r\n\r\nCes opérations permettent d'espérer 15 milliards de recettes d'ici 2027 issues des privatisations.\r\n\r\n### Renforcer le crédit d'impôt recherche pour les PME\r\n\r\n### Supprimer la Contribution sociale de solidarité des sociétés (C3S)\r\n\r\nCet impôt pénalise la compétitivité des entreprises françaises. \r\n\r\n### Privatisation de la certification des formations professionnelles\r\n\r\nValérie Pécresse veut supprimer France Compétence et confier la politique de la formation professionnelle aux régions. De plus, des opérateurs privés certifieront ces formations.\r\n\r\n## Garantir la souveraineté économique de la France face à la concurrence déloyale\r\n\r\n### Créer un Haut Conseil de la souveraineté économique et numérique\r\n\r\nCette entité placée auprès du Premier ministre sera chargée d'autoriser les investissements étrangers en accord avec les intérêts stratégiques du pays. Elle aura la possibilité de s'opposer à des rachats d'entreprises et de technologiques par des géants étrangers.\r\n\r\n### Mettre en place un \"cloud souverain\" d'ici 2030\r\n\r\n### Créer l'École Nationale du Numérique\r\n\r\nValérie Pécresse veut ainsi rehausser le niveau de la France dans se secteur très concurrentiel. Ses étudiants, rémunérés, devront travailler dans la fonction publique pendant dix ans.\r\n\r\n### Rassembler les ministères de la recherche et de l'industrie\r\n\r\nIl s'agit de mener des projets stratégiques, de la recherche fondamentale aux applications, en associant secteurs public et privé.\r\n\r\n## Agriculture et Emplois ruraux\r\n\r\n### Défendre la taxe carbone aux frontières de l'Union européenne\r\n\r\n### Création de l'aide à l'investissement de proximité\r\n\r\n### Accélération du déploiement du très haut débit sur tout le territoire\r\n\r\nUn euro public sera investi pour chaque euro dépensé dans la politique de la ville.",
    "manifesto": 2
  }
},
{
  "model": "programmes.manifestoparagraph",
  "pk": 16,
  "fields": {
    "topic": 2,
    "text": "## Faire de la lutte contre le réchauffement climatique une opportunité pour nos emplois\r\n\r\nValérie Pécresse veut remettre la France sur le bon rythme de la transition écologique avec comme objectifs principaux :\r\n\r\n- La \"neutralité carbone\" en 2050\r\n- La promotion des énergies non carbonées\r\n- La protection des espaces naturels\r\n\r\n### Développer les incitations financières\r\n\r\nPour décarboner la consommation des ménages, Valérie Pécresse ne croit pas en une \"écologie punitive\", mais dans l'incitation à remplacer les véhicules ou chaudières polluantes.\r\n\r\n### Défendre la taxe carbone aux frontières de l'Union européenne\r\n\r\n### Mise en place du Livret vert, fusion du Livret A et du Livret développement durable\r\n\r\n### Mettre fin aux véhicules fonctionnant à l'énergie fossile en 2035, fin des véhicules hybrides en 2040\r\n\r\nEn parallèle, il faudra veiller à l'installation des infrastructure de recharge nécessaire et à développer les filières françaises industrielles pour produire tous les modes de transport électrique.\r\n\r\n### Réinvestir dans l'énergie nucléaire\r\n\r\nValérie Pécresse veut notamment lancer la construction de six nouveaux réacteurs EPR et redémarrer le projet ASTRID de réacteur de 4e génération. De plus, le développement des petits réacteurs sera également soutenu.\r\n\r\n### Développer les énergies renouvelables et les capacités de stockage\r\n\r\n### Réformer le tarif régulé\r\n\r\nLes Français doivent pouvoir profiter de la compétitivité de l'électricité nucléaire.\r\n\r\n### Mettre en place des zones interdites d'implantation d'éoliennes\r\n\r\n###",
    "manifesto": 2
  }
},
{
  "model": "programmes.manifestoparagraph",
  "pk": 17,
  "fields": {
    "topic": 4,
    "text": "## Refaire de l'école un puissant levier d'intégration et de promotion\r\n\r\n### Une école des fondamentaux\r\n\r\n### Une",
    "manifesto": 2
  }
},
{
  "model": "programmes.manifestoparagraph",
  "pk": 18,
  "fields": {
    "topic": 8,
    "text": "## Promouvoir les arts et la culture\r\n\r\n## Mettre fin à une gouvernance verticale, solitaire et inefficace",
    "manifesto": 2
  }
},
{
  "model": "programmes.manifestoparagraph",
  "pk": 19,
  "fields": {
    "topic": 6,
    "text": "## Faire de nouveau rayonner la France dans le monde",
    "manifesto": 2
  }
},
{
  "model": "programmes.manifestoparagraph",
  "pk": 20,
  "fields": {
    "topic": 7,
    "text": "## Restaurer une justice ferme\r\n\r\n- Peines planchers pour chaque crime et délit\r\n- Rétablir la peine de perpétuité pour les criminels les plus dangereux\r\n\r\n### Renvoyer certains étrangers\r\n\r\n- Déchoir de la nationalité française les criminels multirécidivistes binationaux\r\n- Expulser immédiatement plus de 10 000 étrangers actuellement emprisonnés afin de désengorger les prisons.\r\n\r\n## Immigration\r\n\r\n### Stopper les flux\r\n\r\nLimiter le [droit d'asile](https://www.vie-publique.fr/eclairage/20174-droit-dasile-et-politique-migratoire) à seulement \"une poignée d'individus\" par an. \r\n\r\n### Supprimer le droit du sol\r\n\r\n### Renvoyer tous les étrangers indésirables\r\nRenvoyer tous les étrangers clandestins",
    "manifesto": 4
  }
},
{
  "model": "programmes.manifestoparagraph",
  "pk": 21,
  "fields": {
    "topic": 3,
    "text": "## Entreprises\r\n\r\n### Restaurer la compétitivité des entreprises\r\n\r\n- Réduire les impôts de productions de 30 Milliards €\r\n- Baisser le taux d'impôt sur les sociétés à 15% pour les petites entreprises. Le taux dit \"normal\" est de 26.5% actuellement(source: [service-public.fr](https://www.service-public.fr/professionnels-entreprises/vosdroits/F23575#:~:text=Le%20taux%20de%2015%20%25%20s,%C3%A0%20partir%20de%20janvier%202022.)\r\n\r\n### Protéger et favoriser la production française\r\n\r\n- Créer un grand fonds souverain alimenté par les fonds du livret A.\r\n- Fin des droits de donation et de succession pour la transmission des entreprises familiales.\r\n\r\n\r\n## Pouvoir d'achat\r\n\r\n### Soutenir les travailleurs\r\n\r\nAugmenter le salaire net jusqu'a plus de 100€ par mois pour les travailleurs au SMIC en baissant les impôts sociaux (comme la [CSG](https://www.vie-publique.fr/fiches/21973-quest-ce-que-la-csg-contribution-sociale-generalisee))\r\n\r\n### Supprimer la redevance audiovisuelle\r\n\r\nGrâce à la privatisation des principales chaines de l'audiovisuel public. La redevance est de 138€ par an",
    "manifesto": 4
  }
},
{
  "model": "programmes.manifestoparagraph",
  "pk": 22,
  "fields": {
    "topic": 4,
    "text": "## Écoles : entre réforme et restauration\r\n\r\n### Primaire : retour du certificat d'étude  en fin de scolarité ainsi que du port de la blouse\r\n\r\n### Fin du collège unique\r\n\r\nAvec la création de classes de niveaux et des filières d'apprentissage dès 14 ans. Les CPE seront transformés en des surveillants généraux avec comme rôle le maintien de l'ordre scolaire\r\n\r\n### Lycée : restaurer les 3 filières et refaire du BAC un examen national et anonyme\r\n\r\n\r\n## Ministère et institutions\r\n\r\n### Créer un grand ministère de l'instruction publique\r\n\r\n### Recruter des professeurs\r\n\r\n- Recrutement et formation plus exigeante\r\n- Multiplication des primes \r\n- Accélérer la progressions des carrières au mérite.\r\n\r\n### Suspendre les allocations familiales des parents d'élèves perturbateurs et absentéistes",
    "manifesto": 4
  }
},
{
  "model": "programmes.manifestoparagraph",
  "pk": 23,
  "fields": {
    "topic": 5,
    "text": "### D'avantage de contrôle\r\n\r\n- Créer une brigade nationale de lutte anti-fraude\r\n- Suspendre pendant 5 ans les allocations à tout fraudeur récidivistes\r\nMise en place d'un registre unique par bénéficiaire listant l'ensemble des allocations perçues.\r\n\r\n### Mise en place d'une carte vitale à empreinte digitale\r\n\r\n## Aides aux travailleurs automobilistes\r\n\r\n### Participation obligatoire des entreprise aux frais de carburant si aucune alternative de transport\r\nL'entreprise devra rembourser 50% des frais dans la limit de 40€ par mois",
    "manifesto": 4
  }
},
{
  "model": "programmes.manifestoparagraph",
  "pk": 24,
  "fields": {
    "topic": 8,
    "text": "## Islam\r\n\r\n### Interdire le port du voile islamique dans l'espace publique\r\n\r\n### Stopper l'endoctrinement\r\n- Fermeture définitive des lieux de promotion du djihad\r\n- Interdire les \"Frères musulmans\"\r\n\r\n## Ruralité\r\n\r\n### Toute naissance dans une comme rurale donnera droit à une bourse de 10 000€\r\n\r\n### Réorienter les fonds publics destinés à la politique de la ville vers nos campagnes\r\n\r\n### Améliorer la télécommunication\r\nEn accélérant le déploiements de la 4G et de l'internet Haut Début sur l'ensemble du territoire.\r\nDésenclaver les bourgs avec une offre local d'accès aux transports",
    "manifesto": 4
  }
},
{
  "model": "programmes.manifestoparagraph",
  "pk": 25,
  "fields": {
    "topic": 2,
    "text": "## Préserver nos paysages\r\n\r\n### Interdire tout projet de construction éolienne\r\nGeler les projets en cours d'éolien en mer.\r\n\r\nPlutôt que ce soutien aux énergies éoliennes et solaires : soutien des énergies renouvelables thermiques\r\n\r\n### Limiter les nouvelles constructions\r\n\r\n- Interdire la construction de nouvelles grandes surfaces à l'entrée des villes\r\n- Abroger la [loi SRU](https://www.cohesion-territoires.gouv.fr/loi-solidarite-et-renouvellement-urbain-sru) , *cette loi impose à certaines communes de disposer d’un nombre minimum de logements sociaux*\r\n\r\n### Mise en place de politique de développement durable\r\n\r\n- Faire émerger une filière industrielle dans le recyclage des plastiques\r\n- Etablir une stratégie forestière nationale",
    "manifesto": 4
  }
},
{
  "model": "programmes.manifestoparagraph",
  "pk": 26,
  "fields": {
    "topic": 1,
    "text": "## Automobilistes\r\n\r\n### Supprimer le permis à point\r\n\r\n### Restaurer la limitation de vitesse de 90km/h\r\n\r\n### Revenir à la limite de 50km/h en ville",
    "manifesto": 4
  }
},
{
  "model": "programmes.manifestoparagraph",
  "pk": 27,
  "fields": {
    "topic": 6,
    "text": "## Europe\r\n\r\n### Défendre les intérêts des français en Europe\r\nGrâce à la reprise du contrôle de nos frontières et de notre politique migratoire\r\n\r\n### Construire une Europe des Nations\r\n- Réorienter l'UE vers un respect de la dignité des peuples et des Etats\r\n- Refuser toute nouvelles adhésion et mettre fin au processus d'adhésion de la Turquie",
    "manifesto": 4
  }
},
{
  "model": "programmes.manifestoparagraph",
  "pk": 28,
  "fields": {
    "topic": 1,
    "text": "## Arrêter l'immigration incontrôlée en donnant la parole aux Français par référendum\r\n\r\n### Mettre fin à l'immigration de peuplement et au regroupement familial\r\n\r\n### Traiter les demandes de droit d'asile uniquement à l'étranger\r\n\r\n### Réserver les aides sociales aux Français, et conditionner à 5 années de travail en France l'accès aux prestations de solidarité\r\n\r\n### Assurer la priorité nationale d'accès au logement social et à l'emploi\r\n\r\n### Renvoyer tout étranger n'ayant pas travaillé depuis un an en France\r\n\r\n### Expulser systématiquement clandestins, délinquants et criminels étrangers\r\n\r\n### Supprimer le droit du sol et limiter l'accès à la nationalité à la seule naturalisation sur des critères de mérite et d'assimilation\r\n\r\n## Éradiquer les idéologies islamistes et l'ensemble de leurs réseaux du territoire national\r\n\r\n## Instaurer le Référendum d'Initiative Citoyenne et mettre en place la proportionnelle",
    "manifesto": 9
  }
},
{
  "model": "programmes.manifestoparagraph",
  "pk": 29,
  "fields": {
    "topic": 7,
    "text": "## Faire de la sécurité partout et pour tous une priorité du quinquennat\r\n\r\n### Rétablir les peines planchers pour que tout criminel et délinquant aient une sanction\r\n\r\n### Supprimer toute possibilité de réduction et d'aménagements de peine, en particulier pour les violences contres les personnes\r\n\r\n### Instituer une présomption de légitime défense pour les forces de l'ordre\r\n\r\n### Accélérer les procédures judiciaires en visant le doublement du nombre de magistrats en 5 ans\r\n\r\n### Inscrire au fichier des délinquants sexuels les harceleurs de rue\r\n\r\n### Atteindre 85 000 places de prison en 2027\r\n\r\n## Porter le budget de la défense à 55 milliards d'euros à l'horizon 2027\r\n\r\n### Renforcer notre souveraineté et notre indépendance\r\n\r\n### Garantir à nos soldats l'équipement et les moyens nécessaires pour garantir et protéger les intérêts nationaux\r\n\r\n## Créer un ministère de la lutte contre les fraudes\r\n\r\nToutes les fraudes sont comprises : fiscales, aux cotisations et prestations sociales, aux importations, ententes, ...",
    "manifesto": 9
  }
},
{
  "model": "programmes.manifestoparagraph",
  "pk": 30,
  "fields": {
    "topic": 3,
    "text": "## Baisser la TVA de 20% à 5,5% sur les produits énergétiques en tant que biens de première nécessité\r\n\r\nLes produits énergétiques concernés sont les carburants, le fioul, le gaz et l'électricité.\r\n\r\n## Permettre aux entreprises d'augmenter les salaires de 10% en les exonérant de cotisations patronales\r\n\r\nCette mesure est applicable aux salaires allant jusqu'à 3 fois le smic.\r\n\r\n## Supprimer l'IFI qui taxe l'enracinement et créer un IFF, impôt sur la fortune financière, pour taxer la spéculation\r\n\r\n## Mettre en place le patriotisme économique pour réindustrialiser et produire les richesses en France\r\n\r\n### Donner la priorité aux PME pour les marchés publics\r\n\r\n### Conditionner les subventions à la création d'emplois au titre d'une politique d'aménagement du territoire\r\n\r\n### Supprimer la Cotisation Foncière des Entreprises (CFE) qui pénalise les PME-TPE locales et les impôts de production qui nuisent à la relocalisation\r\n\r\n### Protéger notre économie de la concurrence déloyale et revoir les accords de libre-échange qui ne respectent pas les intérêts de la France\r\n\r\n## Créer un \"fonds souverain français\" pour augmenter la rémunération de l'épargne des Français et l'orienter vers des secteurs stratégiques et l'innovation",
    "manifesto": 9
  }
},
{
  "model": "programmes.manifestoparagraph",
  "pk": 32,
  "fields": {
    "topic": 5,
    "text": "## Encourager les projets des jeunes et leur entrée dans la vie active\r\n\r\n### Exonérer d'impôt sur le revenu tous les jeunes actifs jusqu'à 30 ans pour qu'ils restent en France et fondent leur famille chez nous\r\n\r\n### Supprimer l'impôt sur les sociétés pour les entrepreneurs de moins de 30 ans pendant les 5 premières années pour éviter leur départ à l'étranger\r\n\r\n### Verser un complément de salaire de 200 à 300€ pour les jeunes qui travaillent durant leurs études et valident leurs examens\r\n\r\n### Instituer la gratuité des transports aux heures creuses pour les 18-25 ans plutôt que de faire rouler des trains à moitié vide\r\n\r\n## Soutenir les familles françaises\r\n\r\n### Instituer une part fiscale complète dès le deuxième enfant\r\n\r\n### Doubler le soutien aux mères isolées élevant des enfants tout en renforçant les contrôles pour éviter les fraudes\r\n\r\n### Créer un prêt à 0% pour les jeunes familles françaises transformé en subvention pour les couples qui auront un troisième enfant\r\n\r\n### Construire en 5 ans 100 000 nouveaux logements étudiants\r\n\r\n### Supprimer les impôts sur l'héritage direct pour les familles modestes et les classes moyennes\r\n\r\n### Exonérer les donations des parents mais aussi des grands-parents à leurs enfants et petits-enfants jusqu'à 100 000€ par enfant tous les dix ans\r\n\r\n## Garantir à nos ainés une retraite sereine et digne\r\n\r\n### Réindexer les retraites sur l'inflation pour un pouvoir d'achat respectueux d'une vie de travail\r\n\r\n### Revaloriser le minimum vieillesse à 1000€ par mois et augmenter les petites retraites\r\n\r\n### Refuser tout allongement de l'âge de départ à la retraite\r\n\r\n### Permettre à ceux qui ont commencé à travaillé avant 20 ans pendant 40 annuités de prendre leur retraite à 60 ans\r\n\r\n### Restaurer la demi-part fiscale en faveur des veuves et des veufs\r\n\r\n### Créer un droit opposable aux visites dans les établissements et accroître fortement la présence de personnel médical dans les EHPAD\r\n\r\n## Assurer les droits de nos compatriotes en situation de handicap\r\n\r\n### Déconjugaliser et revaloriser l'Allocation Adulte Handicapée\r\n\r\n### Lancer un grand plan sur l'accès à la scolarité pour les enfants touchés par le handicap\r\n\r\n### Appliquer la loi sur l'accès à tous les lieux et transports publics\r\n\r\n### Revaloriser et augmenter la durée des aides destinées aux proches aidants\r\n\r\n## Lancer un plan de soutien d'urgence pour la santé de 20 milliards d'euros\r\n\r\n### Arrêter les fermetures des lits à l'hôpital public et des maternités\r\n\r\n### Revaloriser les salaires des personnels soignants à hauteur de leur travail\r\n\r\n### Investir dans les technologies de santé et rapatrier la fabrication des médicaments\r\n\r\n### Créer des urgences gériatriques dédiées à nos aînés\r\n\r\n### Supprimer les ARS et réduire à 10% les postes administratifs dans les hôpitaux pour libérer des moyens pour les soignants\r\n\r\n### Agir contre les déserts médicaux grâce à des incitations financières fortes pour les soignants et augmenter le nombre de maisons de santé\r\n\r\n### Donner plus de place à la prévention, notamment grâce aux visites médicales scolaires qui redeviendront systématiques",
    "manifesto": 9
  }
},
{
  "model": "programmes.manifestoparagraph",
  "pk": 33,
  "fields": {
    "topic": 4,
    "text": "## Encourager les projets des jeunes et leur entrée dans la vie active\r\n\r\n### Créer un chèque-formation mensuel de 200 à 300€ pour les apprentis, les alternants et leurs employeurs\r\n\r\n## Restaurer notre système éducatif pour qu'il retrouve sa mission de transmission des savoirs\r\n\r\n### Remettre au cœur des programmes l'enseignement du français, des mathématiques et de l'histoire\r\n\r\n### Revaloriser les salaires des enseignants et refonder leur formation\r\n\r\n### Rétablir l'autorité de l'institution scolaire par l'instauration d'un uniforme au primaire et au collège tout en sanctionnant les absences et les incivilités\r\n\r\n### Supprimer la bureaucratie de l’Éducation Nationale pour libérer des moyens financiers, réduire les effectifs des classes et arrêter les fermetures d'écoles",
    "manifesto": 9
  }
},
{
  "model": "programmes.manifestoparagraph",
  "pk": 34,
  "fields": {
    "topic": 2,
    "text": "## Assurer notre indépendance énergétique pour baisser la facture des français\r\n\r\n### Rendre aux ménages les 5 milliards de subventions versées notamment aux éoliennes\r\n\r\n### Arrêter les projets éoliens et démanteler progressivement les parcs existants\r\n\r\n### Relancer la filière nucléaire, hydroélectrique et investir dans la filière hydrogène",
    "manifesto": 9
  }
},
{
  "model": "programmes.manifestoparagraph",
  "pk": 35,
  "fields": {
    "topic": 8,
    "text": "## Privatiser l'audiovisuel public\r\n\r\nDans l'objectif de supprimer les 138€ de redevance.\r\n\r\n## Défendre nos agriculteurs et une alimentation de qualité pour tous\r\n\r\n### Garantir aux paysans des prix respectueux de leur travail et mettre un terme aux marges abusives de la grande distribution\r\n\r\n### Interdire les importations de produits agricoles ne respectant pas les normes de production française\r\n\r\n### Contraindre les cantines à utiliser 80% de produits agricoles français\r\n\r\n### Mettre en place un \"plan abattoirs\" pour assurer des conditions dignes et interdire l'abattage sans étourdissement\r\n\r\n### Généraliser l'étiquetage sur l'origine et la qualité des produits alimentaires\r\n\r\n## Renationaliser les autoroutes\r\n\r\nLes péages seraient ainsi abaissés de 15%.\r\n\r\n## Favoriser l'accès à la propriété et au logement des français\r\n\r\n### Construire 100 000 logements sociaux par an dont 20 000 n faveur des étudiants et jeunes travailleurs\r\n\r\n### Lancer un plan de réhabilitation de l'habitat ancien grâce à des aides efficaces\r\n\r\n### Créer un Fonds de Garantie des Loyers pour protéger les propriétaires\r\n\r\n## Créer un ministère d’État de la Mer et de l'Outre-mer",
    "manifesto": 9
  }
}
]
